"site","plot","event","year","doy","date","genus","species","scrub","varetc","cult"
"harvard",NA,"bbd","1990",132,1990-05-12,"Quercus","alba","0",NA,NA
"harvard",NA,"bbd","1991",129.666666666667,1991-05-09,"Quercus","alba","0",NA,NA
"harvard",NA,"bbd","1992",141.333333333333,1992-05-20,"Quercus","alba","0",NA,NA
"harvard",NA,"bbd","1993",128,1993-05-08,"Quercus","alba","0",NA,NA
"harvard",NA,"bbd","1994",139,1994-05-19,"Quercus","alba","0",NA,NA
"harvard",NA,"bbd","1995",132,1995-05-12,"Quercus","alba","0",NA,NA
"harvard",NA,"bbd","1996",142.333333333333,1996-05-21,"Quercus","alba","0",NA,NA
"harvard",NA,"bbd","1997",137.666666666667,1997-05-17,"Quercus","alba","0",NA,NA
"harvard",NA,"bbd","1998",126.666666666667,1998-05-06,"Quercus","alba","0",NA,NA
"harvard",NA,"bbd","1999",131,1999-05-11,"Quercus","alba","0",NA,NA
"harvard",NA,"bbd","2000",131,2000-05-10,"Quercus","alba","0",NA,NA
"harvard",NA,"bbd","2001",125,2001-05-05,"Quercus","alba","0",NA,NA
"harvard",NA,"bbd","2002",129.333333333333,2002-05-09,"Quercus","alba","0",NA,NA
"harvard",NA,"bbd","2003",138.333333333333,2003-05-18,"Quercus","alba","0",NA,NA
"harvard",NA,"bbd","2004",132.333333333333,2004-05-11,"Quercus","alba","0",NA,NA
"harvard",NA,"bbd","2005",136.333333333333,2005-05-16,"Quercus","alba","0",NA,NA
"harvard",NA,"bbd","2006",132,2006-05-12,"Quercus","alba","0",NA,NA
"harvard",NA,"bbd","2007",131,2007-05-11,"Quercus","alba","0",NA,NA
"harvard",NA,"bbd","2008",132,2008-05-11,"Quercus","alba","0",NA,NA
"harvard",NA,"bbd","2009",123,2009-05-03,"Quercus","alba","0",NA,NA
"harvard",NA,"bbd","2010",124,2010-05-04,"Quercus","alba","0",NA,NA
"harvard",NA,"bbd","2011",130,2011-05-10,"Quercus","alba","0",NA,NA
"harvard",NA,"bbd","2012",127,2012-05-06,"Quercus","alba","0",NA,NA
"harvard",NA,"bbd","2013",127.333333333333,2013-05-07,"Quercus","alba","0",NA,NA
"harvard",NA,"bbd","2014",138.333333333333,2014-05-18,"Quercus","alba","0",NA,NA
"harvard",NA,"bbd","1990",123,1990-05-03,"Betula","alleghaniensis","0",NA,NA
"harvard",NA,"bbd","1991",119.333333333333,1991-04-29,"Betula","alleghaniensis","0",NA,NA
"harvard",NA,"bbd","1992",132.333333333333,1992-05-11,"Betula","alleghaniensis","0",NA,NA
"harvard",NA,"bbd","1993",117.333333333333,1993-04-27,"Betula","alleghaniensis","0",NA,NA
"harvard",NA,"bbd","1994",126,1994-05-06,"Betula","alleghaniensis","0",NA,NA
"harvard",NA,"bbd","1995",132,1995-05-12,"Betula","alleghaniensis","0",NA,NA
"harvard",NA,"bbd","1996",119,1996-04-28,"Betula","alleghaniensis","0",NA,NA
"harvard",NA,"bbd","1997",126.333333333333,1997-05-06,"Betula","alleghaniensis","0",NA,NA
"harvard",NA,"bbd","1998",119,1998-04-29,"Betula","alleghaniensis","0",NA,NA
"harvard",NA,"bbd","1999",124.333333333333,1999-05-04,"Betula","alleghaniensis","0",NA,NA
"harvard",NA,"bbd","2000",126.666666666667,2000-05-05,"Betula","alleghaniensis","0",NA,NA
"harvard",NA,"bbd","2001",124,2001-05-04,"Betula","alleghaniensis","0",NA,NA
"harvard",NA,"bbd","2002",115.666666666667,2002-04-25,"Betula","alleghaniensis","0",NA,NA
"harvard",NA,"bbd","2003",129.666666666667,2003-05-09,"Betula","alleghaniensis","0",NA,NA
"harvard",NA,"bbd","2004",121.333333333333,2004-04-30,"Betula","alleghaniensis","0",NA,NA
"harvard",NA,"bbd","2005",126.666666666667,2005-05-06,"Betula","alleghaniensis","0",NA,NA
"harvard",NA,"bbd","2006",124.666666666667,2006-05-04,"Betula","alleghaniensis","0",NA,NA
"harvard",NA,"bbd","2007",125.333333333333,2007-05-05,"Betula","alleghaniensis","0",NA,NA
"harvard",NA,"bbd","2008",124,2008-05-03,"Betula","alleghaniensis","0",NA,NA
"harvard",NA,"bbd","2009",120.666666666667,2009-04-30,"Betula","alleghaniensis","0",NA,NA
"harvard",NA,"bbd","2010",110,2010-04-20,"Betula","alleghaniensis","0",NA,NA
"harvard",NA,"bbd","2011",126,2011-05-06,"Betula","alleghaniensis","0",NA,NA
"harvard",NA,"bbd","2012",115,2012-04-24,"Betula","alleghaniensis","0",NA,NA
"harvard",NA,"bbd","2013",126,2013-05-06,"Betula","alleghaniensis","0",NA,NA
"harvard",NA,"bbd","2014",133,2014-05-13,"Betula","alleghaniensis","0",NA,NA
"harvard",NA,"bbd","1991",109,1991-04-19,"Cornus","alternifolia","0",NA,NA
"harvard",NA,"bbd","1992",120.333333333333,1992-04-29,"Cornus","alternifolia","0",NA,NA
"harvard",NA,"bbd","1993",111.333333333333,1993-04-21,"Cornus","alternifolia","0",NA,NA
"harvard",NA,"bbd","1994",118,1994-04-28,"Cornus","alternifolia","0",NA,NA
"harvard",NA,"bbd","1995",123,1995-05-03,"Cornus","alternifolia","0",NA,NA
"harvard",NA,"bbd","1996",116,1996-04-25,"Cornus","alternifolia","0",NA,NA
"harvard",NA,"bbd","1997",128.5,1997-05-08,"Cornus","alternifolia","0",NA,NA
"harvard",NA,"bbd","1998",113.5,1998-04-23,"Cornus","alternifolia","0",NA,NA
"harvard",NA,"bbd","1999",123,1999-05-03,"Cornus","alternifolia","0",NA,NA
"harvard",NA,"bbd","2000",122,2000-05-01,"Cornus","alternifolia","0",NA,NA
"harvard",NA,"bbd","2001",130,2001-05-10,"Cornus","alternifolia","0",NA,NA
"harvard",NA,"bbd","2002",107,2002-04-17,"Cornus","alternifolia","0",NA,NA
"harvard",NA,"bbd","2003",121,2003-05-01,"Cornus","alternifolia","0",NA,NA
"harvard",NA,"bbd","2004",115.5,2004-04-24,"Cornus","alternifolia","0",NA,NA
"harvard",NA,"bbd","2005",112,2005-04-22,"Cornus","alternifolia","0",NA,NA
"harvard",NA,"bbd","2006",111,2006-04-21,"Cornus","alternifolia","0",NA,NA
"harvard",NA,"bbd","2007",122,2007-05-02,"Cornus","alternifolia","0",NA,NA
"harvard",NA,"bbd","2008",114,2008-04-23,"Cornus","alternifolia","0",NA,NA
"harvard",NA,"bbd","2009",117,2009-04-27,"Cornus","alternifolia","0",NA,NA
"harvard",NA,"bbd","2010",100.5,2010-04-10,"Cornus","alternifolia","0",NA,NA
"harvard",NA,"bbd","2011",119,2011-04-29,"Cornus","alternifolia","0",NA,NA
"harvard",NA,"bbd","2012",109,2012-04-18,"Cornus","alternifolia","0",NA,NA
"harvard",NA,"bbd","2013",120.5,2013-04-30,"Cornus","alternifolia","0",NA,NA
"harvard",NA,"bbd","2014",129.5,2014-05-09,"Cornus","alternifolia","0",NA,NA
"harvard",NA,"bbd","1990",123.25,1990-05-03,"Fraxinus","americana","0",NA,NA
"harvard",NA,"bbd","1991",128,1991-05-08,"Fraxinus","americana","0",NA,NA
"harvard",NA,"bbd","1992",138,1992-05-17,"Fraxinus","americana","0",NA,NA
"harvard",NA,"bbd","1993",124.6,1993-05-04,"Fraxinus","americana","0",NA,NA
"harvard",NA,"bbd","1994",134.2,1994-05-14,"Fraxinus","americana","0",NA,NA
"harvard",NA,"bbd","1995",134.8,1995-05-14,"Fraxinus","americana","0",NA,NA
"harvard",NA,"bbd","1996",132.25,1996-05-11,"Fraxinus","americana","0",NA,NA
"harvard",NA,"bbd","1997",136.25,1997-05-16,"Fraxinus","americana","0",NA,NA
"harvard",NA,"bbd","1998",126,1998-05-06,"Fraxinus","americana","0",NA,NA
"harvard",NA,"bbd","1999",127,1999-05-07,"Fraxinus","americana","0",NA,NA
"harvard",NA,"bbd","2000",130.5,2000-05-09,"Fraxinus","americana","0",NA,NA
"harvard",NA,"bbd","2001",125,2001-05-05,"Fraxinus","americana","0",NA,NA
"harvard",NA,"bbd","2002",133.75,2002-05-13,"Fraxinus","americana","0",NA,NA
"harvard",NA,"bbd","2003",133.5,2003-05-13,"Fraxinus","americana","0",NA,NA
"harvard",NA,"bbd","2004",128,2004-05-07,"Fraxinus","americana","0",NA,NA
"harvard",NA,"bbd","2005",135.75,2005-05-15,"Fraxinus","americana","0",NA,NA
"harvard",NA,"bbd","2006",128.75,2006-05-08,"Fraxinus","americana","0",NA,NA
"harvard",NA,"bbd","2007",130.5,2007-05-10,"Fraxinus","americana","0",NA,NA
"harvard",NA,"bbd","2008",129.5,2008-05-08,"Fraxinus","americana","0",NA,NA
"harvard",NA,"bbd","2009",122.5,2009-05-02,"Fraxinus","americana","0",NA,NA
"harvard",NA,"bbd","2010",121.5,2010-05-01,"Fraxinus","americana","0",NA,NA
"harvard",NA,"bbd","2011",130,2011-05-10,"Fraxinus","americana","0",NA,NA
"harvard",NA,"bbd","2012",126.25,2012-05-05,"Fraxinus","americana","0",NA,NA
"harvard",NA,"bbd","2013",129,2013-05-09,"Fraxinus","americana","0",NA,NA
"harvard",NA,"bbd","2014",135.5,2014-05-15,"Fraxinus","americana","0",NA,NA
"harvard",NA,"bbd","1990",148,1990-05-28,"Kalmia","angustifolia","0",NA,NA
"harvard",NA,"bbd","1991",140,1991-05-20,"Kalmia","angustifolia","0",NA,NA
"harvard",NA,"bbd","1992",147.333333333333,1992-05-26,"Kalmia","angustifolia","0",NA,NA
"harvard",NA,"bbd","1993",143.333333333333,1993-05-23,"Kalmia","angustifolia","0",NA,NA
"harvard",NA,"bbd","1994",152.333333333333,1994-06-01,"Kalmia","angustifolia","0",NA,NA
"harvard",NA,"bbd","1995",148,1995-05-28,"Kalmia","angustifolia","0",NA,NA
"harvard",NA,"bbd","1996",149,1996-05-28,"Kalmia","angustifolia","0",NA,NA
"harvard",NA,"bbd","1997",154,1997-06-03,"Kalmia","angustifolia","0",NA,NA
"harvard",NA,"bbd","1998",139,1998-05-19,"Kalmia","angustifolia","0",NA,NA
"harvard",NA,"bbd","1999",136.333333333333,1999-05-16,"Kalmia","angustifolia","0",NA,NA
"harvard",NA,"bbd","2000",143,2000-05-22,"Kalmia","angustifolia","0",NA,NA
"harvard",NA,"bbd","2001",139.666666666667,2001-05-19,"Kalmia","angustifolia","0",NA,NA
"harvard",NA,"bbd","1990",150,1990-05-30,"Tsuga","canadensis","0",NA,NA
"harvard",NA,"bbd","1991",144.666666666667,1991-05-24,"Tsuga","canadensis","0",NA,NA
"harvard",NA,"bbd","1992",147,1992-05-26,"Tsuga","canadensis","0",NA,NA
"harvard",NA,"bbd","1993",141.666666666667,1993-05-21,"Tsuga","canadensis","0",NA,NA
"harvard",NA,"bbd","1994",147,1994-05-27,"Tsuga","canadensis","0",NA,NA
"harvard",NA,"bbd","1995",145.333333333333,1995-05-25,"Tsuga","canadensis","0",NA,NA
"harvard",NA,"bbd","1996",149,1996-05-28,"Tsuga","canadensis","0",NA,NA
"harvard",NA,"bbd","1997",151.666666666667,1997-05-31,"Tsuga","canadensis","0",NA,NA
"harvard",NA,"bbd","1998",137.333333333333,1998-05-17,"Tsuga","canadensis","0",NA,NA
"harvard",NA,"bbd","1999",141,1999-05-21,"Tsuga","canadensis","0",NA,NA
"harvard",NA,"bbd","2000",134.666666666667,2000-05-13,"Tsuga","canadensis","0",NA,NA
"harvard",NA,"bbd","2001",145,2001-05-25,"Tsuga","canadensis","0",NA,NA
"harvard",NA,"bbd","1990",114.666666666667,1990-04-24,"Viburnum","cassinoides","0",NA,NA
"harvard",NA,"bbd","1991",99,1991-04-09,"Viburnum","cassinoides","0",NA,NA
"harvard",NA,"bbd","1992",120.666666666667,1992-04-29,"Viburnum","cassinoides","0",NA,NA
"harvard",NA,"bbd","1993",114.333333333333,1993-04-24,"Viburnum","cassinoides","0",NA,NA
"harvard",NA,"bbd","1994",118,1994-04-28,"Viburnum","cassinoides","0",NA,NA
"harvard",NA,"bbd","1995",121,1995-05-01,"Viburnum","cassinoides","0",NA,NA
"harvard",NA,"bbd","1996",114,1996-04-23,"Viburnum","cassinoides","0",NA,NA
"harvard",NA,"bbd","1997",120,1997-04-30,"Viburnum","cassinoides","0",NA,NA
"harvard",NA,"bbd","1998",104.333333333333,1998-04-14,"Viburnum","cassinoides","0",NA,NA
"harvard",NA,"bbd","1999",111,1999-04-21,"Viburnum","cassinoides","0",NA,NA
"harvard",NA,"bbd","2000",104,2000-04-13,"Viburnum","cassinoides","0",NA,NA
"harvard",NA,"bbd","2001",119.333333333333,2001-04-29,"Viburnum","cassinoides","0",NA,NA
"harvard",NA,"bbd","2002",106,2002-04-16,"Viburnum","cassinoides","0",NA,NA
"harvard",NA,"bbd","2003",115.666666666667,2003-04-25,"Viburnum","cassinoides","0",NA,NA
"harvard",NA,"bbd","1990",118,1990-04-28,"Vaccinium","corymbosum","0",NA,NA
"harvard",NA,"bbd","1991",104.75,1991-04-14,"Vaccinium","corymbosum","0",NA,NA
"harvard",NA,"bbd","1992",128.75,1992-05-07,"Vaccinium","corymbosum","0",NA,NA
"harvard",NA,"bbd","1993",118.75,1993-04-28,"Vaccinium","corymbosum","0",NA,NA
"harvard",NA,"bbd","1994",124,1994-05-04,"Vaccinium","corymbosum","0",NA,NA
"harvard",NA,"bbd","1995",126.75,1995-05-06,"Vaccinium","corymbosum","0",NA,NA
"harvard",NA,"bbd","1996",120.5,1996-04-29,"Vaccinium","corymbosum","0",NA,NA
"harvard",NA,"bbd","1997",125,1997-05-05,"Vaccinium","corymbosum","0",NA,NA
"harvard",NA,"bbd","1998",108,1998-04-18,"Vaccinium","corymbosum","0",NA,NA
"harvard",NA,"bbd","1999",123,1999-05-03,"Vaccinium","corymbosum","0",NA,NA
"harvard",NA,"bbd","2000",121.5,2000-04-30,"Vaccinium","corymbosum","0",NA,NA
"harvard",NA,"bbd","2001",121,2001-05-01,"Vaccinium","corymbosum","0",NA,NA
"harvard",NA,"bbd","1990",125,1990-05-05,"Fagus","grandifolia","0",NA,NA
"harvard",NA,"bbd","1991",124,1991-05-04,"Fagus","grandifolia","0",NA,NA
"harvard",NA,"bbd","1992",134.75,1992-05-13,"Fagus","grandifolia","0",NA,NA
"harvard",NA,"bbd","1993",122.75,1993-05-02,"Fagus","grandifolia","0",NA,NA
"harvard",NA,"bbd","1994",129.25,1994-05-09,"Fagus","grandifolia","0",NA,NA
"harvard",NA,"bbd","1995",131,1995-05-11,"Fagus","grandifolia","0",NA,NA
"harvard",NA,"bbd","1996",132.25,1996-05-11,"Fagus","grandifolia","0",NA,NA
"harvard",NA,"bbd","1997",132.25,1997-05-12,"Fagus","grandifolia","0",NA,NA
"harvard",NA,"bbd","1998",121.5,1998-05-01,"Fagus","grandifolia","0",NA,NA
"harvard",NA,"bbd","1999",124,1999-05-04,"Fagus","grandifolia","0",NA,NA
"harvard",NA,"bbd","2000",126.75,2000-05-05,"Fagus","grandifolia","0",NA,NA
"harvard",NA,"bbd","2001",122.75,2001-05-02,"Fagus","grandifolia","0",NA,NA
"harvard",NA,"bbd","2002",120,2002-04-30,"Fagus","grandifolia","0",NA,NA
"harvard",NA,"bbd","2003",129.5,2003-05-09,"Fagus","grandifolia","0",NA,NA
"harvard",NA,"bbd","2004",125.666666666667,2004-05-04,"Fagus","grandifolia","0",NA,NA
"harvard",NA,"bbd","2005",129,2005-05-09,"Fagus","grandifolia","0",NA,NA
"harvard",NA,"bbd","2006",127,2006-05-07,"Fagus","grandifolia","0",NA,NA
"harvard",NA,"bbd","2007",128.5,2007-05-08,"Fagus","grandifolia","0",NA,NA
"harvard",NA,"bbd","2008",124.75,2008-05-03,"Fagus","grandifolia","0",NA,NA
"harvard",NA,"bbd","2009",120,2009-04-30,"Fagus","grandifolia","0",NA,NA
"harvard",NA,"bbd","2010",117.75,2010-04-27,"Fagus","grandifolia","0",NA,NA
"harvard",NA,"bbd","2011",125.25,2011-05-05,"Fagus","grandifolia","0",NA,NA
"harvard",NA,"bbd","2012",120,2012-04-29,"Fagus","grandifolia","0",NA,NA
"harvard",NA,"bbd","2013",125,2013-05-05,"Fagus","grandifolia","0",NA,NA
"harvard",NA,"bbd","2014",133.5,2014-05-13,"Fagus","grandifolia","0",NA,NA
"harvard",NA,"bbd","1990",148,1990-05-28,"Kalmia","latifolia","0",NA,NA
"harvard",NA,"bbd","1991",139,1991-05-19,"Kalmia","latifolia","0",NA,NA
"harvard",NA,"bbd","1992",145.333333333333,1992-05-24,"Kalmia","latifolia","0",NA,NA
"harvard",NA,"bbd","1993",137,1993-05-17,"Kalmia","latifolia","0",NA,NA
"harvard",NA,"bbd","1994",145.666666666667,1994-05-25,"Kalmia","latifolia","0",NA,NA
"harvard",NA,"bbd","1995",142,1995-05-22,"Kalmia","latifolia","0",NA,NA
"harvard",NA,"bbd","1996",145,1996-05-24,"Kalmia","latifolia","0",NA,NA
"harvard",NA,"bbd","1997",151.666666666667,1997-05-31,"Kalmia","latifolia","0",NA,NA
"harvard",NA,"bbd","1998",134,1998-05-14,"Kalmia","latifolia","0",NA,NA
"harvard",NA,"bbd","1999",133,1999-05-13,"Kalmia","latifolia","0",NA,NA
"harvard",NA,"bbd","2000",136,2000-05-15,"Kalmia","latifolia","0",NA,NA
"harvard",NA,"bbd","2001",137,2001-05-17,"Kalmia","latifolia","0",NA,NA
"harvard",NA,"bbd","1990",121,1990-05-01,"Betula","lenta","0",NA,NA
"harvard",NA,"bbd","1991",124.666666666667,1991-05-04,"Betula","lenta","0",NA,NA
"harvard",NA,"bbd","1992",138.333333333333,1992-05-17,"Betula","lenta","0",NA,NA
"harvard",NA,"bbd","1993",118.666666666667,1993-04-28,"Betula","lenta","0",NA,NA
"harvard",NA,"bbd","1994",130,1994-05-10,"Betula","lenta","0",NA,NA
"harvard",NA,"bbd","1995",133.333333333333,1995-05-13,"Betula","lenta","0",NA,NA
"harvard",NA,"bbd","1996",121,1996-04-30,"Betula","lenta","0",NA,NA
"harvard",NA,"bbd","1997",131,1997-05-11,"Betula","lenta","0",NA,NA
"harvard",NA,"bbd","1998",122.333333333333,1998-05-02,"Betula","lenta","0",NA,NA
"harvard",NA,"bbd","1999",125.666666666667,1999-05-05,"Betula","lenta","0",NA,NA
"harvard",NA,"bbd","2000",129,2000-05-08,"Betula","lenta","0",NA,NA
"harvard",NA,"bbd","2001",124,2001-05-04,"Betula","lenta","0",NA,NA
"harvard",NA,"bbd","2002",124,2002-05-04,"Betula","lenta","0",NA,NA
"harvard",NA,"bbd","2003",134.666666666667,2003-05-14,"Betula","lenta","0",NA,NA
"harvard",NA,"bbd","2004",125,2004-05-04,"Betula","lenta","0",NA,NA
"harvard",NA,"bbd","2005",134,2005-05-14,"Betula","lenta","0",NA,NA
"harvard",NA,"bbd","2006",127.666666666667,2006-05-07,"Betula","lenta","0",NA,NA
"harvard",NA,"bbd","2007",125.333333333333,2007-05-05,"Betula","lenta","0",NA,NA
"harvard",NA,"bbd","2008",130.333333333333,2008-05-09,"Betula","lenta","0",NA,NA
"harvard",NA,"bbd","2009",122,2009-05-02,"Betula","lenta","0",NA,NA
"harvard",NA,"bbd","2010",120.666666666667,2010-04-30,"Betula","lenta","0",NA,NA
"harvard",NA,"bbd","2011",128.666666666667,2011-05-08,"Betula","lenta","0",NA,NA
"harvard",NA,"bbd","2012",119,2012-04-28,"Betula","lenta","0",NA,NA
"harvard",NA,"bbd","2013",127.333333333333,2013-05-07,"Betula","lenta","0",NA,NA
"harvard",NA,"bbd","2014",136.666666666667,2014-05-16,"Betula","lenta","0",NA,NA
"harvard",NA,"bbd","1990",131,1990-05-11,"Lyonia","ligustrina","0",NA,NA
"harvard",NA,"bbd","1991",137,1991-05-17,"Lyonia","ligustrina","0",NA,NA
"harvard",NA,"bbd","1992",140,1992-05-19,"Lyonia","ligustrina","0",NA,NA
"harvard",NA,"bbd","1993",121,1993-05-01,"Lyonia","ligustrina","0",NA,NA
"harvard",NA,"bbd","1994",136,1994-05-16,"Lyonia","ligustrina","0",NA,NA
"harvard",NA,"bbd","1995",134.666666666667,1995-05-14,"Lyonia","ligustrina","0",NA,NA
"harvard",NA,"bbd","1996",124,1996-05-03,"Lyonia","ligustrina","0",NA,NA
"harvard",NA,"bbd","1997",136,1997-05-16,"Lyonia","ligustrina","0",NA,NA
"harvard",NA,"bbd","1998",128,1998-05-08,"Lyonia","ligustrina","0",NA,NA
"harvard",NA,"bbd","1999",131,1999-05-11,"Lyonia","ligustrina","0",NA,NA
"harvard",NA,"bbd","2000",130,2000-05-09,"Lyonia","ligustrina","0",NA,NA
"harvard",NA,"bbd","2001",125,2001-05-05,"Lyonia","ligustrina","0",NA,NA
"harvard",NA,"bbd","1990",120,1990-04-30,"Betula","papyrifera","0",NA,NA
"harvard",NA,"bbd","1991",122,1991-05-02,"Betula","papyrifera","0",NA,NA
"harvard",NA,"bbd","1992",132.75,1992-05-11,"Betula","papyrifera","0",NA,NA
"harvard",NA,"bbd","1993",117.5,1993-04-27,"Betula","papyrifera","0",NA,NA
"harvard",NA,"bbd","1994",124,1994-05-04,"Betula","papyrifera","0",NA,NA
"harvard",NA,"bbd","1995",129,1995-05-09,"Betula","papyrifera","0",NA,NA
"harvard",NA,"bbd","1996",117.5,1996-04-26,"Betula","papyrifera","0",NA,NA
"harvard",NA,"bbd","1997",130.5,1997-05-10,"Betula","papyrifera","0",NA,NA
"harvard",NA,"bbd","1998",116.5,1998-04-26,"Betula","papyrifera","0",NA,NA
"harvard",NA,"bbd","1999",123,1999-05-03,"Betula","papyrifera","0",NA,NA
"harvard",NA,"bbd","2000",126,2000-05-05,"Betula","papyrifera","0",NA,NA
"harvard",NA,"bbd","2001",122,2001-05-02,"Betula","papyrifera","0",NA,NA
"harvard",NA,"bbd","2002",110.25,2002-04-20,"Betula","papyrifera","0",NA,NA
"harvard",NA,"bbd","2003",123,2003-05-03,"Betula","papyrifera","0",NA,NA
"harvard",NA,"bbd","2004",119.75,2004-04-28,"Betula","papyrifera","0",NA,NA
"harvard",NA,"bbd","2005",120,2005-04-30,"Betula","papyrifera","0",NA,NA
"harvard",NA,"bbd","2006",121.75,2006-05-01,"Betula","papyrifera","0",NA,NA
"harvard",NA,"bbd","2007",124,2007-05-04,"Betula","papyrifera","0",NA,NA
"harvard",NA,"bbd","2008",121.25,2008-04-30,"Betula","papyrifera","0",NA,NA
"harvard",NA,"bbd","2009",118,2009-04-28,"Betula","papyrifera","0",NA,NA
"harvard",NA,"bbd","2010",105.5,2010-04-15,"Betula","papyrifera","0",NA,NA
"harvard",NA,"bbd","2011",123,2011-05-03,"Betula","papyrifera","0",NA,NA
"harvard",NA,"bbd","2012",110.5,2012-04-19,"Betula","papyrifera","0",NA,NA
"harvard",NA,"bbd","2013",123,2013-05-03,"Betula","papyrifera","0",NA,NA
"harvard",NA,"bbd","2014",132,2014-05-12,"Betula","papyrifera","0",NA,NA
"harvard",NA,"bbd","1990",122.5,1990-05-02,"Acer","pensylvanicum","0",NA,NA
"harvard",NA,"bbd","1991",122,1991-05-02,"Acer","pensylvanicum","0",NA,NA
"harvard",NA,"bbd","1992",137.5,1992-05-16,"Acer","pensylvanicum","0",NA,NA
"harvard",NA,"bbd","1993",121.75,1993-05-01,"Acer","pensylvanicum","0",NA,NA
"harvard",NA,"bbd","1994",130.75,1994-05-10,"Acer","pensylvanicum","0",NA,NA
"harvard",NA,"bbd","1995",129,1995-05-09,"Acer","pensylvanicum","0",NA,NA
"harvard",NA,"bbd","1996",134,1996-05-13,"Acer","pensylvanicum","0",NA,NA
"harvard",NA,"bbd","1997",131.25,1997-05-11,"Acer","pensylvanicum","0",NA,NA
"harvard",NA,"bbd","1998",119,1998-04-29,"Acer","pensylvanicum","0",NA,NA
"harvard",NA,"bbd","1999",125,1999-05-05,"Acer","pensylvanicum","0",NA,NA
"harvard",NA,"bbd","2000",128.25,2000-05-07,"Acer","pensylvanicum","0",NA,NA
"harvard",NA,"bbd","2001",124.25,2001-05-04,"Acer","pensylvanicum","0",NA,NA
"harvard",NA,"bbd","2002",116.5,2002-04-26,"Acer","pensylvanicum","0",NA,NA
"harvard",NA,"bbd","2003",131,2003-05-11,"Acer","pensylvanicum","0",NA,NA
"harvard",NA,"bbd","2004",124,2004-05-03,"Acer","pensylvanicum","0",NA,NA
"harvard",NA,"bbd","2005",131,2005-05-11,"Acer","pensylvanicum","0",NA,NA
"harvard",NA,"bbd","2006",125,2006-05-05,"Acer","pensylvanicum","0",NA,NA
"harvard",NA,"bbd","2007",127.75,2007-05-07,"Acer","pensylvanicum","0",NA,NA
"harvard",NA,"bbd","2008",127.25,2008-05-06,"Acer","pensylvanicum","0",NA,NA
"harvard",NA,"bbd","2009",121.75,2009-05-01,"Acer","pensylvanicum","0",NA,NA
"harvard",NA,"bbd","2010",111.25,2010-04-21,"Acer","pensylvanicum","0",NA,NA
"harvard",NA,"bbd","2011",129,2011-05-09,"Acer","pensylvanicum","0",NA,NA
"harvard",NA,"bbd","2012",112,2012-04-21,"Acer","pensylvanicum","0",NA,NA
"harvard",NA,"bbd","2013",126,2013-05-06,"Acer","pensylvanicum","0",NA,NA
"harvard",NA,"bbd","2014",132.75,2014-05-12,"Acer","pensylvanicum","0",NA,NA
"harvard",NA,"bbd","1990",121.75,1990-05-01,"Betula","populifolia","0",NA,NA
"harvard",NA,"bbd","1991",123.75,1991-05-03,"Betula","populifolia","0",NA,NA
"harvard",NA,"bbd","1992",137.5,1992-05-16,"Betula","populifolia","0",NA,NA
"harvard",NA,"bbd","1993",119.5,1993-04-29,"Betula","populifolia","0",NA,NA
"harvard",NA,"bbd","1994",130.75,1994-05-10,"Betula","populifolia","0",NA,NA
"harvard",NA,"bbd","1995",132,1995-05-12,"Betula","populifolia","0",NA,NA
"harvard",NA,"bbd","1996",119,1996-04-28,"Betula","populifolia","0",NA,NA
"harvard",NA,"bbd","1997",132.25,1997-05-12,"Betula","populifolia","0",NA,NA
"harvard",NA,"bbd","1998",121.5,1998-05-01,"Betula","populifolia","0",NA,NA
"harvard",NA,"bbd","1999",126,1999-05-06,"Betula","populifolia","0",NA,NA
"harvard",NA,"bbd","2000",126.5,2000-05-05,"Betula","populifolia","0",NA,NA
"harvard",NA,"bbd","2001",123.5,2001-05-03,"Betula","populifolia","0",NA,NA
"harvard",NA,"bbd","1990",128,1990-05-08,"Quercus","rubra","0",NA,NA
"harvard",NA,"bbd","1991",125.25,1991-05-05,"Quercus","rubra","0",NA,NA
"harvard",NA,"bbd","1992",137.5,1992-05-16,"Quercus","rubra","0",NA,NA
"harvard",NA,"bbd","1993",125,1993-05-05,"Quercus","rubra","0",NA,NA
"harvard",NA,"bbd","1994",133,1994-05-13,"Quercus","rubra","0",NA,NA
"harvard",NA,"bbd","1995",134,1995-05-14,"Quercus","rubra","0",NA,NA
"harvard",NA,"bbd","1996",135.25,1996-05-14,"Quercus","rubra","0",NA,NA
"harvard",NA,"bbd","1997",135,1997-05-15,"Quercus","rubra","0",NA,NA
"harvard",NA,"bbd","1998",118.75,1998-04-28,"Quercus","rubra","0",NA,NA
"harvard",NA,"bbd","1999",126,1999-05-06,"Quercus","rubra","0",NA,NA
"harvard",NA,"bbd","2000",129,2000-05-08,"Quercus","rubra","0",NA,NA
"harvard",NA,"bbd","2001",122,2001-05-02,"Quercus","rubra","0",NA,NA
"harvard",NA,"bbd","2002",114,2002-04-24,"Quercus","rubra","0",NA,NA
"harvard",NA,"bbd","2003",134.75,2003-05-14,"Quercus","rubra","0",NA,NA
"harvard",NA,"bbd","2004",124,2004-05-03,"Quercus","rubra","0",NA,NA
"harvard",NA,"bbd","2005",125,2005-05-05,"Quercus","rubra","0",NA,NA
"harvard",NA,"bbd","2006",126.75,2006-05-06,"Quercus","rubra","0",NA,NA
"harvard",NA,"bbd","2007",128.5,2007-05-08,"Quercus","rubra","0",NA,NA
"harvard",NA,"bbd","2008",120.25,2008-04-29,"Quercus","rubra","0",NA,NA
"harvard",NA,"bbd","2009",121,2009-05-01,"Quercus","rubra","0",NA,NA
"harvard",NA,"bbd","2010",113,2010-04-23,"Quercus","rubra","0",NA,NA
"harvard",NA,"bbd","2011",127,2011-05-07,"Quercus","rubra","0",NA,NA
"harvard",NA,"bbd","2012",116.75,2012-04-25,"Quercus","rubra","0",NA,NA
"harvard",NA,"bbd","2013",124,2013-05-04,"Quercus","rubra","0",NA,NA
"harvard",NA,"bbd","2014",132.75,2014-05-12,"Quercus","rubra","0",NA,NA
"harvard",NA,"bbd","1990",121.2,1990-05-01,"Acer","rubrum","0",NA,NA
"harvard",NA,"bbd","1991",121.6,1991-05-01,"Acer","rubrum","0",NA,NA
"harvard",NA,"bbd","1992",133.8,1992-05-12,"Acer","rubrum","0",NA,NA
"harvard",NA,"bbd","1993",119.4,1993-04-29,"Acer","rubrum","0",NA,NA
"harvard",NA,"bbd","1994",131.2,1994-05-11,"Acer","rubrum","0",NA,NA
"harvard",NA,"bbd","1995",131.6,1995-05-11,"Acer","rubrum","0",NA,NA
"harvard",NA,"bbd","1996",125.8,1996-05-04,"Acer","rubrum","0",NA,NA
"harvard",NA,"bbd","1997",128.6,1997-05-08,"Acer","rubrum","0",NA,NA
"harvard",NA,"bbd","1998",118,1998-04-28,"Acer","rubrum","0",NA,NA
"harvard",NA,"bbd","1999",125.4,1999-05-05,"Acer","rubrum","0",NA,NA
"harvard",NA,"bbd","2000",128.4,2000-05-07,"Acer","rubrum","0",NA,NA
"harvard",NA,"bbd","2001",122.6,2001-05-02,"Acer","rubrum","0",NA,NA
"harvard",NA,"bbd","2002",116,2002-04-26,"Acer","rubrum","0",NA,NA
"harvard",NA,"bbd","2003",127.8,2003-05-07,"Acer","rubrum","0",NA,NA
"harvard",NA,"bbd","2004",122,2004-05-01,"Acer","rubrum","0",NA,NA
"harvard",NA,"bbd","2005",125.2,2005-05-05,"Acer","rubrum","0",NA,NA
"harvard",NA,"bbd","2006",122.4,2006-05-02,"Acer","rubrum","0",NA,NA
"harvard",NA,"bbd","2007",125.6,2007-05-05,"Acer","rubrum","0",NA,NA
"harvard",NA,"bbd","2008",123.6,2008-05-02,"Acer","rubrum","0",NA,NA
"harvard",NA,"bbd","2009",120.6,2009-04-30,"Acer","rubrum","0",NA,NA
"harvard",NA,"bbd","2010",107.8,2010-04-17,"Acer","rubrum","0",NA,NA
"harvard",NA,"bbd","2011",126,2011-05-06,"Acer","rubrum","0",NA,NA
"harvard",NA,"bbd","2012",111.4,2012-04-20,"Acer","rubrum","0",NA,NA
"harvard",NA,"bbd","2013",123.6,2013-05-03,"Acer","rubrum","0",NA,NA
"harvard",NA,"bbd","2014",132.6,2014-05-12,"Acer","rubrum","0",NA,NA
"harvard",NA,"bbd","1990",121.2,1990-05-01,"Acer","saccharum","0",NA,NA
"harvard",NA,"bbd","1991",121.6,1991-05-01,"Acer","saccharum","0",NA,NA
"harvard",NA,"bbd","1992",133.8,1992-05-12,"Acer","saccharum","0",NA,NA
"harvard",NA,"bbd","1993",119.4,1993-04-29,"Acer","saccharum","0",NA,NA
"harvard",NA,"bbd","1994",131.2,1994-05-11,"Acer","saccharum","0",NA,NA
"harvard",NA,"bbd","1995",131.6,1995-05-11,"Acer","saccharum","0",NA,NA
"harvard",NA,"bbd","1996",125.8,1996-05-04,"Acer","saccharum","0",NA,NA
"harvard",NA,"bbd","1997",128.6,1997-05-08,"Acer","saccharum","0",NA,NA
"harvard",NA,"bbd","1998",118,1998-04-28,"Acer","saccharum","0",NA,NA
"harvard",NA,"bbd","1999",125.4,1999-05-05,"Acer","saccharum","0",NA,NA
"harvard",NA,"bbd","2000",128.4,2000-05-07,"Acer","saccharum","0",NA,NA
"harvard",NA,"bbd","2001",122.6,2001-05-02,"Acer","saccharum","0",NA,NA
"harvard",NA,"bbd","2002",116,2002-04-26,"Acer","saccharum","0",NA,NA
"harvard",NA,"bbd","2003",127.8,2003-05-07,"Acer","saccharum","0",NA,NA
"harvard",NA,"bbd","2004",122,2004-05-01,"Acer","saccharum","0",NA,NA
"harvard",NA,"bbd","2005",125.2,2005-05-05,"Acer","saccharum","0",NA,NA
"harvard",NA,"bbd","2006",122.4,2006-05-02,"Acer","saccharum","0",NA,NA
"harvard",NA,"bbd","2007",125.6,2007-05-05,"Acer","saccharum","0",NA,NA
"harvard",NA,"bbd","2008",123.6,2008-05-02,"Acer","saccharum","0",NA,NA
"harvard",NA,"bbd","2009",120.6,2009-04-30,"Acer","saccharum","0",NA,NA
"harvard",NA,"bbd","2010",107.8,2010-04-17,"Acer","saccharum","0",NA,NA
"harvard",NA,"bbd","2011",126,2011-05-06,"Acer","saccharum","0",NA,NA
"harvard",NA,"bbd","2012",111.4,2012-04-20,"Acer","saccharum","0",NA,NA
"harvard",NA,"bbd","2013",123.6,2013-05-03,"Acer","saccharum","0",NA,NA
"harvard",NA,"bbd","2014",132.6,2014-05-12,"Acer","saccharum","0",NA,NA
"harvard",NA,"bbd","1990",166,1990-06-15,"Pinus","strobus","0",NA,NA
"harvard",NA,"bbd","1991",154,1991-06-03,"Pinus","strobus","0",NA,NA
"harvard",NA,"bbd","1992",166.5,1992-06-14,"Pinus","strobus","0",NA,NA
"harvard",NA,"bbd","1993",154.25,1993-06-03,"Pinus","strobus","0",NA,NA
"harvard",NA,"bbd","1994",150,1994-05-30,"Pinus","strobus","0",NA,NA
"harvard",NA,"bbd","1995",164,1995-06-13,"Pinus","strobus","0",NA,NA
"harvard",NA,"bbd","1996",165,1996-06-13,"Pinus","strobus","0",NA,NA
"harvard",NA,"bbd","1997",167,1997-06-16,"Pinus","strobus","0",NA,NA
"harvard",NA,"bbd","1998",153,1998-06-02,"Pinus","strobus","0",NA,NA
"harvard",NA,"bbd","1999",154,1999-06-03,"Pinus","strobus","0",NA,NA
"harvard",NA,"bbd","2000",159,2000-06-07,"Pinus","strobus","0",NA,NA
"harvard",NA,"bbd","2001",156,2001-06-05,"Pinus","strobus","0",NA,NA
"harvard",NA,"bbd","1990",136,1990-05-16,"Nyssa","sylvatica","0",NA,NA
"harvard",NA,"bbd","1991",137,1991-05-17,"Nyssa","sylvatica","0",NA,NA
"harvard",NA,"bbd","1992",142,1992-05-21,"Nyssa","sylvatica","0",NA,NA
"harvard",NA,"bbd","1993",129.333333333333,1993-05-09,"Nyssa","sylvatica","0",NA,NA
"harvard",NA,"bbd","1994",141.666666666667,1994-05-21,"Nyssa","sylvatica","0",NA,NA
"harvard",NA,"bbd","1995",142,1995-05-22,"Nyssa","sylvatica","0",NA,NA
"harvard",NA,"bbd","1996",143.333333333333,1996-05-22,"Nyssa","sylvatica","0",NA,NA
"harvard",NA,"bbd","1997",147.333333333333,1997-05-27,"Nyssa","sylvatica","0",NA,NA
"harvard",NA,"bbd","1998",132,1998-05-12,"Nyssa","sylvatica","0",NA,NA
"harvard",NA,"bbd","1999",133,1999-05-13,"Nyssa","sylvatica","0",NA,NA
"harvard",NA,"bbd","2000",131,2000-05-10,"Nyssa","sylvatica","0",NA,NA
"harvard",NA,"bbd","2001",130.666666666667,2001-05-10,"Nyssa","sylvatica","0",NA,NA
"harvard",NA,"bbd","1990",131.75,1990-05-11,"Quercus","velutina","0",NA,NA
"harvard",NA,"bbd","1991",127.25,1991-05-07,"Quercus","velutina","0",NA,NA
"harvard",NA,"bbd","1992",141.75,1992-05-20,"Quercus","velutina","0",NA,NA
"harvard",NA,"bbd","1993",128,1993-05-08,"Quercus","velutina","0",NA,NA
"harvard",NA,"bbd","1994",139,1994-05-19,"Quercus","velutina","0",NA,NA
"harvard",NA,"bbd","1995",136.5,1995-05-16,"Quercus","velutina","0",NA,NA
"harvard",NA,"bbd","1996",137.75,1996-05-16,"Quercus","velutina","0",NA,NA
"harvard",NA,"bbd","1997",136,1997-05-16,"Quercus","velutina","0",NA,NA
"harvard",NA,"bbd","1998",122.75,1998-05-02,"Quercus","velutina","0",NA,NA
"harvard",NA,"bbd","1999",128,1999-05-08,"Quercus","velutina","0",NA,NA
"harvard",NA,"bbd","2000",129,2000-05-08,"Quercus","velutina","0",NA,NA
"harvard",NA,"bbd","2001",124.25,2001-05-04,"Quercus","velutina","0",NA,NA
"harvard",NA,"bbd","2002",119.5,2002-04-29,"Quercus","velutina","0",NA,NA
"harvard",NA,"bbd","2003",135,2003-05-15,"Quercus","velutina","0",NA,NA
"harvard",NA,"bbd","2004",129.5,2004-05-08,"Quercus","velutina","0",NA,NA
"harvard",NA,"bbd","2005",130,2005-05-10,"Quercus","velutina","0",NA,NA
"harvard",NA,"bbd","2006",126.75,2006-05-06,"Quercus","velutina","0",NA,NA
"harvard",NA,"bbd","2007",131,2007-05-11,"Quercus","velutina","0",NA,NA
"harvard",NA,"bbd","2008",128.25,2008-05-07,"Quercus","velutina","0",NA,NA
"harvard",NA,"bbd","2009",121.75,2009-05-01,"Quercus","velutina","0",NA,NA
"harvard",NA,"bbd","2010",117.25,2010-04-27,"Quercus","velutina","0",NA,NA
"harvard",NA,"bbd","2011",130,2011-05-10,"Quercus","velutina","0",NA,NA
"harvard",NA,"bbd","2012",119.75,2012-04-28,"Quercus","velutina","0",NA,NA
"harvard",NA,"bbd","2013",127,2013-05-07,"Quercus","velutina","0",NA,NA
"harvard",NA,"bbd","2014",135,2014-05-15,"Quercus","velutina","0",NA,NA
"harvard",NA,"bbd","1990",127.5,1990-05-07,"Ilex","verticillata","0",NA,NA
"harvard",NA,"bbd","1991",122,1991-05-02,"Ilex","verticillata","0",NA,NA
"harvard",NA,"bbd","1992",139.25,1992-05-18,"Ilex","verticillata","0",NA,NA
"harvard",NA,"bbd","1993",122,1993-05-02,"Ilex","verticillata","0",NA,NA
"harvard",NA,"bbd","1994",134,1994-05-14,"Ilex","verticillata","0",NA,NA
"harvard",NA,"bbd","1995",132,1995-05-12,"Ilex","verticillata","0",NA,NA
"harvard",NA,"bbd","1996",128.25,1996-05-07,"Ilex","verticillata","0",NA,NA
"harvard",NA,"bbd","1997",135,1997-05-15,"Ilex","verticillata","0",NA,NA
"harvard",NA,"bbd","1998",119,1998-04-29,"Ilex","verticillata","0",NA,NA
"harvard",NA,"bbd","1999",126,1999-05-06,"Ilex","verticillata","0",NA,NA
"harvard",NA,"bbd","2000",128.25,2000-05-07,"Ilex","verticillata","0",NA,NA
"harvard",NA,"bbd","2001",124.25,2001-05-04,"Ilex","verticillata","0",NA,NA
"harvard",NA,"bbd","1990",124,1990-05-04,"Hamamelis","virginiana","0",NA,NA
"harvard",NA,"bbd","1991",120,1991-04-30,"Hamamelis","virginiana","0",NA,NA
"harvard",NA,"bbd","1992",134,1992-05-13,"Hamamelis","virginiana","0",NA,NA
"harvard",NA,"bbd","1993",124,1993-05-04,"Hamamelis","virginiana","0",NA,NA
"harvard",NA,"bbd","1994",131,1994-05-11,"Hamamelis","virginiana","0",NA,NA
"harvard",NA,"bbd","1995",130.666666666667,1995-05-10,"Hamamelis","virginiana","0",NA,NA
"harvard",NA,"bbd","1996",128,1996-05-07,"Hamamelis","virginiana","0",NA,NA
"harvard",NA,"bbd","1997",126.333333333333,1997-05-06,"Hamamelis","virginiana","0",NA,NA
"harvard",NA,"bbd","1998",114,1998-04-24,"Hamamelis","virginiana","0",NA,NA
"harvard",NA,"bbd","1999",123,1999-05-03,"Hamamelis","virginiana","0",NA,NA
"harvard",NA,"bbd","2000",123.333333333333,2000-05-02,"Hamamelis","virginiana","0",NA,NA
"harvard",NA,"bbd","2001",123,2001-05-03,"Hamamelis","virginiana","0",NA,NA
"harvard",NA,"bbd","2002",109,2002-04-19,"Hamamelis","virginiana","0",NA,NA
"harvard",NA,"bbd","2003",127.666666666667,2003-05-07,"Hamamelis","virginiana","0",NA,NA
"harvard",NA,"bbd","2004",120,2004-04-29,"Hamamelis","virginiana","0",NA,NA
"harvard",NA,"bbd","2005",116.666666666667,2005-04-26,"Hamamelis","virginiana","0",NA,NA
"harvard",NA,"bbd","2006",117.666666666667,2006-04-27,"Hamamelis","virginiana","0",NA,NA
"harvard",NA,"bbd","2007",124,2007-05-04,"Hamamelis","virginiana","0",NA,NA
"harvard",NA,"bbd","2008",119.333333333333,2008-04-28,"Hamamelis","virginiana","0",NA,NA
"harvard",NA,"bbd","2009",118.333333333333,2009-04-28,"Hamamelis","virginiana","0",NA,NA
"harvard",NA,"bbd","2010",103,2010-04-13,"Hamamelis","virginiana","0",NA,NA
"harvard",NA,"bbd","2011",120,2011-04-30,"Hamamelis","virginiana","0",NA,NA
"harvard",NA,"bbd","2012",109,2012-04-18,"Hamamelis","virginiana","0",NA,NA
"harvard",NA,"bbd","2013",122,2013-05-02,"Hamamelis","virginiana","0",NA,NA
"harvard",NA,"bbd","2014",132,2014-05-12,"Hamamelis","virginiana","0",NA,NA
"harvard",NA,"bbd","1990",126.333333333333,1990-05-06,"Castanea","dentata","2",NA,NA
"harvard",NA,"bbd","1991",124.666666666667,1991-05-04,"Castanea","dentata","2",NA,NA
"harvard",NA,"bbd","1992",134,1992-05-13,"Castanea","dentata","2",NA,NA
"harvard",NA,"bbd","1993",122,1993-05-02,"Castanea","dentata","2",NA,NA
"harvard",NA,"bbd","1994",136,1994-05-16,"Castanea","dentata","2",NA,NA
"harvard",NA,"bbd","1995",130.666666666667,1995-05-10,"Castanea","dentata","2",NA,NA
"harvard",NA,"bbd","1996",132.666666666667,1996-05-11,"Castanea","dentata","2",NA,NA
"harvard",NA,"bbd","1997",131,1997-05-11,"Castanea","dentata","2",NA,NA
"harvard",NA,"bbd","1998",119,1998-04-29,"Castanea","dentata","2",NA,NA
"harvard",NA,"bbd","1999",125.666666666667,1999-05-05,"Castanea","dentata","2",NA,NA
"harvard",NA,"bbd","2000",129,2000-05-08,"Castanea","dentata","2",NA,NA
"harvard",NA,"bbd","2001",122,2001-05-02,"Castanea","dentata","2",NA,NA
"harvard",NA,"bbd","1990",119,1990-04-29,"Viburnum","lantanoides","2",NA,NA
"harvard",NA,"bbd","1991",113.333333333333,1991-04-23,"Viburnum","lantanoides","2",NA,NA
"harvard",NA,"bbd","1992",124,1992-05-03,"Viburnum","lantanoides","2",NA,NA
"harvard",NA,"bbd","1993",114,1993-04-24,"Viburnum","lantanoides","2",NA,NA
"harvard",NA,"bbd","1994",118,1994-04-28,"Viburnum","lantanoides","2",NA,NA
"harvard",NA,"bbd","1995",123,1995-05-03,"Viburnum","lantanoides","2",NA,NA
"harvard",NA,"bbd","1996",115,1996-04-24,"Viburnum","lantanoides","2",NA,NA
"harvard",NA,"bbd","1997",121.666666666667,1997-05-01,"Viburnum","lantanoides","2",NA,NA
"harvard",NA,"bbd","1998",108,1998-04-18,"Viburnum","lantanoides","2",NA,NA
"harvard",NA,"bbd","1999",116,1999-04-26,"Viburnum","lantanoides","2",NA,NA
"harvard",NA,"bbd","2000",111.333333333333,2000-04-20,"Viburnum","lantanoides","2",NA,NA
"harvard",NA,"bbd","2001",119.333333333333,2001-04-29,"Viburnum","lantanoides","2",NA,NA
"harvard",NA,"bbd","2003",118,2003-04-28,"Viburnum","lantanoides","2",NA,NA
"harvard",NA,"bbd","1990",118,1990-04-28,"Nemopanthus","mucronata","2",NA,NA
"harvard",NA,"bbd","1991",118,1991-04-28,"Nemopanthus","mucronata","2",NA,NA
"harvard",NA,"bbd","1992",133,1992-05-12,"Nemopanthus","mucronata","2",NA,NA
"harvard",NA,"bbd","1993",118,1993-04-28,"Nemopanthus","mucronata","2",NA,NA
"harvard",NA,"bbd","1994",122,1994-05-02,"Nemopanthus","mucronata","2",NA,NA
"harvard",NA,"bbd","1995",128,1995-05-08,"Nemopanthus","mucronata","2",NA,NA
"harvard",NA,"bbd","1996",116,1996-04-25,"Nemopanthus","mucronata","2",NA,NA
"harvard",NA,"bbd","1997",128.666666666667,1997-05-08,"Nemopanthus","mucronata","2",NA,NA
"harvard",NA,"bbd","1998",108,1998-04-18,"Nemopanthus","mucronata","2",NA,NA
"harvard",NA,"bbd","1999",123,1999-05-03,"Nemopanthus","mucronata","2",NA,NA
"harvard",NA,"bbd","2000",126,2000-05-05,"Nemopanthus","mucronata","2",NA,NA
"harvard",NA,"bbd","2001",122,2001-05-02,"Nemopanthus","mucronata","2",NA,NA
"harvard",NA,"ffd","1991",134.333333333333,1991-05-14,"Betula","alleghaniensis","0",NA,NA
"harvard",NA,"ffd","1992",147,1992-05-26,"Betula","alleghaniensis","0",NA,NA
"harvard",NA,"ffd","1993",136,1993-05-16,"Betula","alleghaniensis","0",NA,NA
"harvard",NA,"ffd","1995",142,1995-05-22,"Betula","alleghaniensis","0",NA,NA
"harvard",NA,"ffd","1998",124,1998-05-04,"Betula","alleghaniensis","0",NA,NA
"harvard",NA,"ffd","2000",130,2000-05-09,"Betula","alleghaniensis","0",NA,NA
"harvard",NA,"ffd","2002",114,2002-04-24,"Betula","alleghaniensis","0",NA,NA
"harvard",NA,"ffd","2003",129.666666666667,2003-05-09,"Betula","alleghaniensis","0",NA,NA
"harvard",NA,"ffd","2005",119,2005-04-29,"Betula","alleghaniensis","0",NA,NA
"harvard",NA,"ffd","2006",126.666666666667,2006-05-06,"Betula","alleghaniensis","0",NA,NA
"harvard",NA,"ffd","2008",118,2008-04-27,"Betula","alleghaniensis","0",NA,NA
"harvard",NA,"ffd","2009",121,2009-05-01,"Betula","alleghaniensis","0",NA,NA
"harvard",NA,"ffd","2010",111.5,2010-04-21,"Betula","alleghaniensis","0",NA,NA
"harvard",NA,"ffd","2011",121,2011-05-01,"Betula","alleghaniensis","0",NA,NA
"harvard",NA,"ffd","2013",122,2013-05-02,"Betula","alleghaniensis","0",NA,NA
"harvard",NA,"ffd","2014",132,2014-05-12,"Betula","alleghaniensis","0",NA,NA
"harvard",NA,"ffd","1991",146.333333333333,1991-05-26,"Cornus","alternifolia","0",NA,NA
"harvard",NA,"ffd","1992",162,1992-06-10,"Cornus","alternifolia","0",NA,NA
"harvard",NA,"ffd","1993",157.5,1993-06-06,"Cornus","alternifolia","0",NA,NA
"harvard",NA,"ffd","1994",159.5,1994-06-08,"Cornus","alternifolia","0",NA,NA
"harvard",NA,"ffd","1995",160.5,1995-06-09,"Cornus","alternifolia","0",NA,NA
"harvard",NA,"ffd","1996",159,1996-06-07,"Cornus","alternifolia","0",NA,NA
"harvard",NA,"ffd","1997",167,1997-06-16,"Cornus","alternifolia","0",NA,NA
"harvard",NA,"ffd","1998",140.5,1998-05-20,"Cornus","alternifolia","0",NA,NA
"harvard",NA,"ffd","1999",140.5,1999-05-20,"Cornus","alternifolia","0",NA,NA
"harvard",NA,"ffd","2000",164,2000-06-12,"Cornus","alternifolia","0",NA,NA
"harvard",NA,"ffd","2001",156,2001-06-05,"Cornus","alternifolia","0",NA,NA
"harvard",NA,"ffd","2003",163,2003-06-12,"Cornus","alternifolia","0",NA,NA
"harvard",NA,"ffd","1992",141.333333333333,1992-05-20,"Fraxinus","americana","0",NA,NA
"harvard",NA,"ffd","1994",139,1994-05-19,"Fraxinus","americana","0",NA,NA
"harvard",NA,"ffd","1995",139,1995-05-19,"Fraxinus","americana","0",NA,NA
"harvard",NA,"ffd","1997",147,1997-05-27,"Fraxinus","americana","0",NA,NA
"harvard",NA,"ffd","1998",134,1998-05-14,"Fraxinus","americana","0",NA,NA
"harvard",NA,"ffd","1999",124.333333333333,1999-05-04,"Fraxinus","americana","0",NA,NA
"harvard",NA,"ffd","2000",132,2000-05-11,"Fraxinus","americana","0",NA,NA
"harvard",NA,"ffd","2001",125,2001-05-05,"Fraxinus","americana","0",NA,NA
"harvard",NA,"ffd","2003",135,2003-05-15,"Fraxinus","americana","0",NA,NA
"harvard",NA,"ffd","2004",128,2004-05-07,"Fraxinus","americana","0",NA,NA
"harvard",NA,"ffd","2005",141,2005-05-21,"Fraxinus","americana","0",NA,NA
"harvard",NA,"ffd","2006",128,2006-05-08,"Fraxinus","americana","0",NA,NA
"harvard",NA,"ffd","2007",131,2007-05-11,"Fraxinus","americana","0",NA,NA
"harvard",NA,"ffd","2008",132,2008-05-11,"Fraxinus","americana","0",NA,NA
"harvard",NA,"ffd","2009",133,2009-05-13,"Fraxinus","americana","0",NA,NA
"harvard",NA,"ffd","2011",133,2011-05-13,"Fraxinus","americana","0",NA,NA
"harvard",NA,"ffd","2013",126,2013-05-06,"Fraxinus","americana","0",NA,NA
"harvard",NA,"ffd","1990",171,1990-06-20,"Kalmia","angustifolia","0",NA,NA
"harvard",NA,"ffd","1991",155.666666666667,1991-06-04,"Kalmia","angustifolia","0",NA,NA
"harvard",NA,"ffd","1992",175,1992-06-23,"Kalmia","angustifolia","0",NA,NA
"harvard",NA,"ffd","1993",169,1993-06-18,"Kalmia","angustifolia","0",NA,NA
"harvard",NA,"ffd","1994",173,1994-06-22,"Kalmia","angustifolia","0",NA,NA
"harvard",NA,"ffd","1995",171.5,1995-06-20,"Kalmia","angustifolia","0",NA,NA
"harvard",NA,"ffd","1996",171,1996-06-19,"Kalmia","angustifolia","0",NA,NA
"harvard",NA,"ffd","1997",182,1997-07-01,"Kalmia","angustifolia","0",NA,NA
"harvard",NA,"ffd","1998",166,1998-06-15,"Kalmia","angustifolia","0",NA,NA
"harvard",NA,"ffd","1999",166,1999-06-15,"Kalmia","angustifolia","0",NA,NA
"harvard",NA,"ffd","2000",176,2000-06-24,"Kalmia","angustifolia","0",NA,NA
"harvard",NA,"ffd","1994",173,1994-06-22,"Viburnum","cassinoides","0",NA,NA
"harvard",NA,"ffd","1995",146,1995-05-26,"Viburnum","cassinoides","0",NA,NA
"harvard",NA,"ffd","1996",193,1996-07-11,"Viburnum","cassinoides","0",NA,NA
"harvard",NA,"ffd","1999",166,1999-06-15,"Viburnum","cassinoides","0",NA,NA
"harvard",NA,"ffd","1990",126.75,1990-05-06,"Vaccinium","corymbosum","0",NA,NA
"harvard",NA,"ffd","1991",126,1991-05-06,"Vaccinium","corymbosum","0",NA,NA
"harvard",NA,"ffd","1992",141,1992-05-20,"Vaccinium","corymbosum","0",NA,NA
"harvard",NA,"ffd","1993",132,1993-05-12,"Vaccinium","corymbosum","0",NA,NA
"harvard",NA,"ffd","1994",139,1994-05-19,"Vaccinium","corymbosum","0",NA,NA
"harvard",NA,"ffd","1995",139,1995-05-19,"Vaccinium","corymbosum","0",NA,NA
"harvard",NA,"ffd","1996",140.5,1996-05-19,"Vaccinium","corymbosum","0",NA,NA
"harvard",NA,"ffd","1997",142.75,1997-05-22,"Vaccinium","corymbosum","0",NA,NA
"harvard",NA,"ffd","1998",126,1998-05-06,"Vaccinium","corymbosum","0",NA,NA
"harvard",NA,"ffd","1999",131.75,1999-05-11,"Vaccinium","corymbosum","0",NA,NA
"harvard",NA,"ffd","2000",127.25,2000-05-06,"Vaccinium","corymbosum","0",NA,NA
"harvard",NA,"ffd","2001",131.75,2001-05-11,"Vaccinium","corymbosum","0",NA,NA
"harvard",NA,"ffd","1998",183,1998-07-02,"Fagus","grandifolia","0",NA,NA
"harvard",NA,"ffd","2011",123.666666666667,2011-05-03,"Fagus","grandifolia","0",NA,NA
"harvard",NA,"ffd","2013",122,2013-05-02,"Fagus","grandifolia","0",NA,NA
"harvard",NA,"ffd","1990",176.333333333333,1990-06-25,"Kalmia","latifolia","0",NA,NA
"harvard",NA,"ffd","1991",159,1991-06-08,"Kalmia","latifolia","0",NA,NA
"harvard",NA,"ffd","1992",184.333333333333,1992-07-02,"Kalmia","latifolia","0",NA,NA
"harvard",NA,"ffd","1993",169,1993-06-18,"Kalmia","latifolia","0",NA,NA
"harvard",NA,"ffd","1994",178,1994-06-27,"Kalmia","latifolia","0",NA,NA
"harvard",NA,"ffd","1995",171,1995-06-20,"Kalmia","latifolia","0",NA,NA
"harvard",NA,"ffd","1996",174.333333333333,1996-06-22,"Kalmia","latifolia","0",NA,NA
"harvard",NA,"ffd","1997",179.333333333333,1997-06-28,"Kalmia","latifolia","0",NA,NA
"harvard",NA,"ffd","1998",164,1998-06-13,"Kalmia","latifolia","0",NA,NA
"harvard",NA,"ffd","1999",168.333333333333,1999-06-17,"Kalmia","latifolia","0",NA,NA
"harvard",NA,"ffd","2000",173.333333333333,2000-06-21,"Kalmia","latifolia","0",NA,NA
"harvard",NA,"ffd","1991",130,1991-05-10,"Betula","lenta","0",NA,NA
"harvard",NA,"ffd","1992",147,1992-05-26,"Betula","lenta","0",NA,NA
"harvard",NA,"ffd","1994",139,1994-05-19,"Betula","lenta","0",NA,NA
"harvard",NA,"ffd","1995",132,1995-05-12,"Betula","lenta","0",NA,NA
"harvard",NA,"ffd","1997",147,1997-05-27,"Betula","lenta","0",NA,NA
"harvard",NA,"ffd","1998",124,1998-05-04,"Betula","lenta","0",NA,NA
"harvard",NA,"ffd","2000",129,2000-05-08,"Betula","lenta","0",NA,NA
"harvard",NA,"ffd","2002",114,2002-04-24,"Betula","lenta","0",NA,NA
"harvard",NA,"ffd","2003",132,2003-05-12,"Betula","lenta","0",NA,NA
"harvard",NA,"ffd","2005",152,2005-06-01,"Betula","lenta","0",NA,NA
"harvard",NA,"ffd","1990",183,1990-07-02,"Lyonia","ligustrina","0",NA,NA
"harvard",NA,"ffd","1991",175,1991-06-24,"Lyonia","ligustrina","0",NA,NA
"harvard",NA,"ffd","1992",198,1992-07-16,"Lyonia","ligustrina","0",NA,NA
"harvard",NA,"ffd","1994",182,1994-07-01,"Lyonia","ligustrina","0",NA,NA
"harvard",NA,"ffd","1995",194,1995-07-13,"Lyonia","ligustrina","0",NA,NA
"harvard",NA,"ffd","1996",193,1996-07-11,"Lyonia","ligustrina","0",NA,NA
"harvard",NA,"ffd","1997",193.666666666667,1997-07-12,"Lyonia","ligustrina","0",NA,NA
"harvard",NA,"ffd","1998",174,1998-06-23,"Lyonia","ligustrina","0",NA,NA
"harvard",NA,"ffd","1999",181,1999-06-30,"Lyonia","ligustrina","0",NA,NA
"harvard",NA,"ffd","2000",189.666666666667,2000-07-07,"Lyonia","ligustrina","0",NA,NA
"harvard",NA,"ffd","1990",134,1990-05-14,"Betula","papyrifera","0",NA,NA
"harvard",NA,"ffd","1991",131.75,1991-05-11,"Betula","papyrifera","0",NA,NA
"harvard",NA,"ffd","1992",147,1992-05-26,"Betula","papyrifera","0",NA,NA
"harvard",NA,"ffd","1994",139,1994-05-19,"Betula","papyrifera","0",NA,NA
"harvard",NA,"ffd","1995",136.666666666667,1995-05-16,"Betula","papyrifera","0",NA,NA
"harvard",NA,"ffd","1996",135,1996-05-14,"Betula","papyrifera","0",NA,NA
"harvard",NA,"ffd","1997",144,1997-05-24,"Betula","papyrifera","0",NA,NA
"harvard",NA,"ffd","1998",122.5,1998-05-02,"Betula","papyrifera","0",NA,NA
"harvard",NA,"ffd","2000",126,2000-05-05,"Betula","papyrifera","0",NA,NA
"harvard",NA,"ffd","2002",110.666666666667,2002-04-20,"Betula","papyrifera","0",NA,NA
"harvard",NA,"ffd","2003",123.666666666667,2003-05-03,"Betula","papyrifera","0",NA,NA
"harvard",NA,"ffd","1990",144,1990-05-24,"Acer","pensylvanicum","0",NA,NA
"harvard",NA,"ffd","1991",130,1991-05-10,"Acer","pensylvanicum","0",NA,NA
"harvard",NA,"ffd","1992",141,1992-05-20,"Acer","pensylvanicum","0",NA,NA
"harvard",NA,"ffd","1993",132,1993-05-12,"Acer","pensylvanicum","0",NA,NA
"harvard",NA,"ffd","1994",139,1994-05-19,"Acer","pensylvanicum","0",NA,NA
"harvard",NA,"ffd","1995",140,1995-05-20,"Acer","pensylvanicum","0",NA,NA
"harvard",NA,"ffd","1996",143,1996-05-22,"Acer","pensylvanicum","0",NA,NA
"harvard",NA,"ffd","1997",147.25,1997-05-27,"Acer","pensylvanicum","0",NA,NA
"harvard",NA,"ffd","1998",127,1998-05-07,"Acer","pensylvanicum","0",NA,NA
"harvard",NA,"ffd","1999",147,1999-05-27,"Acer","pensylvanicum","0",NA,NA
"harvard",NA,"ffd","2000",130.5,2000-05-09,"Acer","pensylvanicum","0",NA,NA
"harvard",NA,"ffd","2001",125,2001-05-05,"Acer","pensylvanicum","0",NA,NA
"harvard",NA,"ffd","2002",131.5,2002-05-11,"Acer","pensylvanicum","0",NA,NA
"harvard",NA,"ffd","2003",136.25,2003-05-16,"Acer","pensylvanicum","0",NA,NA
"harvard",NA,"ffd","2004",130.5,2004-05-09,"Acer","pensylvanicum","0",NA,NA
"harvard",NA,"ffd","2005",134,2005-05-14,"Acer","pensylvanicum","0",NA,NA
"harvard",NA,"ffd","2006",131,2006-05-11,"Acer","pensylvanicum","0",NA,NA
"harvard",NA,"ffd","2007",131,2007-05-11,"Acer","pensylvanicum","0",NA,NA
"harvard",NA,"ffd","2008",134,2008-05-13,"Acer","pensylvanicum","0",NA,NA
"harvard",NA,"ffd","2009",125.75,2009-05-05,"Acer","pensylvanicum","0",NA,NA
"harvard",NA,"ffd","2010",117,2010-04-27,"Acer","pensylvanicum","0",NA,NA
"harvard",NA,"ffd","2011",133.75,2011-05-13,"Acer","pensylvanicum","0",NA,NA
"harvard",NA,"ffd","2012",121.333333333333,2012-04-30,"Acer","pensylvanicum","0",NA,NA
"harvard",NA,"ffd","2013",131,2013-05-11,"Acer","pensylvanicum","0",NA,NA
"harvard",NA,"ffd","2014",135.666666666667,2014-05-15,"Acer","pensylvanicum","0",NA,NA
"harvard",NA,"ffd","1990",138.25,1990-05-18,"Betula","populifolia","0",NA,NA
"harvard",NA,"ffd","1991",133.25,1991-05-13,"Betula","populifolia","0",NA,NA
"harvard",NA,"ffd","1992",144.5,1992-05-23,"Betula","populifolia","0",NA,NA
"harvard",NA,"ffd","1993",136,1993-05-16,"Betula","populifolia","0",NA,NA
"harvard",NA,"ffd","1994",141,1994-05-21,"Betula","populifolia","0",NA,NA
"harvard",NA,"ffd","1995",137.5,1995-05-17,"Betula","populifolia","0",NA,NA
"harvard",NA,"ffd","1996",134,1996-05-13,"Betula","populifolia","0",NA,NA
"harvard",NA,"ffd","1997",147,1997-05-27,"Betula","populifolia","0",NA,NA
"harvard",NA,"ffd","1998",126,1998-05-06,"Betula","populifolia","0",NA,NA
"harvard",NA,"ffd","1999",132.5,1999-05-12,"Betula","populifolia","0",NA,NA
"harvard",NA,"ffd","2000",130,2000-05-09,"Betula","populifolia","0",NA,NA
"harvard",NA,"ffd","1990",131,1990-05-11,"Quercus","rubra","0",NA,NA
"harvard",NA,"ffd","1991",131.5,1991-05-11,"Quercus","rubra","0",NA,NA
"harvard",NA,"ffd","1992",147,1992-05-26,"Quercus","rubra","0",NA,NA
"harvard",NA,"ffd","1993",138,1993-05-18,"Quercus","rubra","0",NA,NA
"harvard",NA,"ffd","1994",145,1994-05-25,"Quercus","rubra","0",NA,NA
"harvard",NA,"ffd","1995",146.666666666667,1995-05-26,"Quercus","rubra","0",NA,NA
"harvard",NA,"ffd","1996",137,1996-05-16,"Quercus","rubra","0",NA,NA
"harvard",NA,"ffd","1997",144,1997-05-24,"Quercus","rubra","0",NA,NA
"harvard",NA,"ffd","1998",124,1998-05-04,"Quercus","rubra","0",NA,NA
"harvard",NA,"ffd","1999",128.333333333333,1999-05-08,"Quercus","rubra","0",NA,NA
"harvard",NA,"ffd","2000",130,2000-05-09,"Quercus","rubra","0",NA,NA
"harvard",NA,"ffd","2001",125,2001-05-05,"Quercus","rubra","0",NA,NA
"harvard",NA,"ffd","2002",123,2002-05-03,"Quercus","rubra","0",NA,NA
"harvard",NA,"ffd","2003",134.75,2003-05-14,"Quercus","rubra","0",NA,NA
"harvard",NA,"ffd","2004",129,2004-05-08,"Quercus","rubra","0",NA,NA
"harvard",NA,"ffd","2005",126.666666666667,2005-05-06,"Quercus","rubra","0",NA,NA
"harvard",NA,"ffd","2006",129,2006-05-09,"Quercus","rubra","0",NA,NA
"harvard",NA,"ffd","2007",130,2007-05-10,"Quercus","rubra","0",NA,NA
"harvard",NA,"ffd","2008",120.666666666667,2008-04-29,"Quercus","rubra","0",NA,NA
"harvard",NA,"ffd","2009",121,2009-05-01,"Quercus","rubra","0",NA,NA
"harvard",NA,"ffd","2010",111,2010-04-21,"Quercus","rubra","0",NA,NA
"harvard",NA,"ffd","2011",126.75,2011-05-06,"Quercus","rubra","0",NA,NA
"harvard",NA,"ffd","2012",122.25,2012-05-01,"Quercus","rubra","0",NA,NA
"harvard",NA,"ffd","2013",125,2013-05-05,"Quercus","rubra","0",NA,NA
"harvard",NA,"ffd","2014",132,2014-05-12,"Quercus","rubra","0",NA,NA
"harvard",NA,"ffd","1990",105.2,1990-04-15,"Acer","rubrum","0",NA,NA
"harvard",NA,"ffd","1991",99.6,1991-04-09,"Acer","rubrum","0",NA,NA
"harvard",NA,"ffd","1992",120.4,1992-04-29,"Acer","rubrum","0",NA,NA
"harvard",NA,"ffd","1993",109.4,1993-04-19,"Acer","rubrum","0",NA,NA
"harvard",NA,"ffd","1994",110.6,1994-04-20,"Acer","rubrum","0",NA,NA
"harvard",NA,"ffd","1995",113.8,1995-04-23,"Acer","rubrum","0",NA,NA
"harvard",NA,"ffd","1996",108.6,1996-04-17,"Acer","rubrum","0",NA,NA
"harvard",NA,"ffd","1997",112.6,1997-04-22,"Acer","rubrum","0",NA,NA
"harvard",NA,"ffd","1998",97,1998-04-07,"Acer","rubrum","0",NA,NA
"harvard",NA,"ffd","1999",100.4,1999-04-10,"Acer","rubrum","0",NA,NA
"harvard",NA,"ffd","2000",95,2000-04-04,"Acer","rubrum","0",NA,NA
"harvard",NA,"ffd","2001",112,2001-04-22,"Acer","rubrum","0",NA,NA
"harvard",NA,"ffd","2002",102,2002-04-12,"Acer","rubrum","0",NA,NA
"harvard",NA,"ffd","2003",111,2003-04-21,"Acer","rubrum","0",NA,NA
"harvard",NA,"ffd","2004",110,2004-04-19,"Acer","rubrum","0",NA,NA
"harvard",NA,"ffd","2005",105,2005-04-15,"Acer","rubrum","0",NA,NA
"harvard",NA,"ffd","2006",100,2006-04-10,"Acer","rubrum","0",NA,NA
"harvard",NA,"ffd","2007",114,2007-04-24,"Acer","rubrum","0",NA,NA
"harvard",NA,"ffd","2008",111.6,2008-04-20,"Acer","rubrum","0",NA,NA
"harvard",NA,"ffd","2009",108.2,2009-04-18,"Acer","rubrum","0",NA,NA
"harvard",NA,"ffd","2010",98,2010-04-08,"Acer","rubrum","0",NA,NA
"harvard",NA,"ffd","2011",111,2011-04-21,"Acer","rubrum","0",NA,NA
"harvard",NA,"ffd","2012",82,2012-03-22,"Acer","rubrum","0",NA,NA
"harvard",NA,"ffd","2013",109.8,2013-04-19,"Acer","rubrum","0",NA,NA
"harvard",NA,"ffd","2014",112.5,2014-04-22,"Acer","rubrum","0",NA,NA
"harvard",NA,"ffd","1990",105.2,1990-04-15,"Acer","saccharum","0",NA,NA
"harvard",NA,"ffd","1991",99.6,1991-04-09,"Acer","saccharum","0",NA,NA
"harvard",NA,"ffd","1992",120.4,1992-04-29,"Acer","saccharum","0",NA,NA
"harvard",NA,"ffd","1993",109.4,1993-04-19,"Acer","saccharum","0",NA,NA
"harvard",NA,"ffd","1994",110.6,1994-04-20,"Acer","saccharum","0",NA,NA
"harvard",NA,"ffd","1995",113.8,1995-04-23,"Acer","saccharum","0",NA,NA
"harvard",NA,"ffd","1996",108.6,1996-04-17,"Acer","saccharum","0",NA,NA
"harvard",NA,"ffd","1997",112.6,1997-04-22,"Acer","saccharum","0",NA,NA
"harvard",NA,"ffd","1998",97,1998-04-07,"Acer","saccharum","0",NA,NA
"harvard",NA,"ffd","1999",100.4,1999-04-10,"Acer","saccharum","0",NA,NA
"harvard",NA,"ffd","2000",95,2000-04-04,"Acer","saccharum","0",NA,NA
"harvard",NA,"ffd","2001",112,2001-04-22,"Acer","saccharum","0",NA,NA
"harvard",NA,"ffd","2002",102,2002-04-12,"Acer","saccharum","0",NA,NA
"harvard",NA,"ffd","2003",111,2003-04-21,"Acer","saccharum","0",NA,NA
"harvard",NA,"ffd","2004",110,2004-04-19,"Acer","saccharum","0",NA,NA
"harvard",NA,"ffd","2005",105,2005-04-15,"Acer","saccharum","0",NA,NA
"harvard",NA,"ffd","2006",100,2006-04-10,"Acer","saccharum","0",NA,NA
"harvard",NA,"ffd","2007",114,2007-04-24,"Acer","saccharum","0",NA,NA
"harvard",NA,"ffd","2008",111.6,2008-04-20,"Acer","saccharum","0",NA,NA
"harvard",NA,"ffd","2009",108.2,2009-04-18,"Acer","saccharum","0",NA,NA
"harvard",NA,"ffd","2010",98,2010-04-08,"Acer","saccharum","0",NA,NA
"harvard",NA,"ffd","2011",111,2011-04-21,"Acer","saccharum","0",NA,NA
"harvard",NA,"ffd","2012",82,2012-03-22,"Acer","saccharum","0",NA,NA
"harvard",NA,"ffd","2013",109.8,2013-04-19,"Acer","saccharum","0",NA,NA
"harvard",NA,"ffd","2014",112.5,2014-04-22,"Acer","saccharum","0",NA,NA
"harvard",NA,"ffd","1994",173,1994-06-22,"Pinus","strobus","0",NA,NA
"harvard",NA,"ffd","1995",179.5,1995-06-28,"Pinus","strobus","0",NA,NA
"harvard",NA,"ffd","1991",161,1991-06-10,"Nyssa","sylvatica","0",NA,NA
"harvard",NA,"ffd","1994",173,1994-06-22,"Nyssa","sylvatica","0",NA,NA
"harvard",NA,"ffd","1996",173,1996-06-21,"Nyssa","sylvatica","0",NA,NA
"harvard",NA,"ffd","1998",160,1998-06-09,"Nyssa","sylvatica","0",NA,NA
"harvard",NA,"ffd","1999",163.5,1999-06-12,"Nyssa","sylvatica","0",NA,NA
"harvard",NA,"ffd","2000",173,2000-06-21,"Nyssa","sylvatica","0",NA,NA
"harvard",NA,"ffd","1991",130,1991-05-10,"Quercus","velutina","0",NA,NA
"harvard",NA,"ffd","1994",153.5,1994-06-02,"Quercus","velutina","0",NA,NA
"harvard",NA,"ffd","1995",152,1995-06-01,"Quercus","velutina","0",NA,NA
"harvard",NA,"ffd","1996",138,1996-05-17,"Quercus","velutina","0",NA,NA
"harvard",NA,"ffd","1997",147.5,1997-05-27,"Quercus","velutina","0",NA,NA
"harvard",NA,"ffd","1998",129,1998-05-09,"Quercus","velutina","0",NA,NA
"harvard",NA,"ffd","1999",134,1999-05-14,"Quercus","velutina","0",NA,NA
"harvard",NA,"ffd","2000",132,2000-05-11,"Quercus","velutina","0",NA,NA
"harvard",NA,"ffd","2001",125,2001-05-05,"Quercus","velutina","0",NA,NA
"harvard",NA,"ffd","2002",120,2002-04-30,"Quercus","velutina","0",NA,NA
"harvard",NA,"ffd","2003",134.5,2003-05-14,"Quercus","velutina","0",NA,NA
"harvard",NA,"ffd","1990",184,1990-07-03,"Ilex","verticillata","0",NA,NA
"harvard",NA,"ffd","1991",165.666666666667,1991-06-14,"Ilex","verticillata","0",NA,NA
"harvard",NA,"ffd","1992",193.5,1992-07-11,"Ilex","verticillata","0",NA,NA
"harvard",NA,"ffd","1993",176,1993-06-25,"Ilex","verticillata","0",NA,NA
"harvard",NA,"ffd","1994",173,1994-06-22,"Ilex","verticillata","0",NA,NA
"harvard",NA,"ffd","1995",184,1995-07-03,"Ilex","verticillata","0",NA,NA
"harvard",NA,"ffd","1996",180,1996-06-28,"Ilex","verticillata","0",NA,NA
"harvard",NA,"ffd","1997",185.5,1997-07-04,"Ilex","verticillata","0",NA,NA
"harvard",NA,"ffd","1998",178.5,1998-06-27,"Ilex","verticillata","0",NA,NA
"harvard",NA,"ffd","1999",177,1999-06-26,"Ilex","verticillata","0",NA,NA
"harvard",NA,"ffd","2001",177,2001-06-26,"Ilex","verticillata","0",NA,NA
"harvard",NA,"ffd","1992",175,1992-06-23,"Hamamelis","virginiana","0",NA,NA
"harvard",NA,"ffd","1990",124,1990-05-04,"Viburnum","lantanoides","2",NA,NA
"harvard",NA,"ffd","1991",130,1991-05-10,"Viburnum","lantanoides","2",NA,NA
"harvard",NA,"ffd","1992",135,1992-05-14,"Viburnum","lantanoides","2",NA,NA
"harvard",NA,"ffd","1993",133.5,1993-05-13,"Viburnum","lantanoides","2",NA,NA
"harvard",NA,"ffd","1994",127,1994-05-07,"Viburnum","lantanoides","2",NA,NA
"harvard",NA,"ffd","1995",144.5,1995-05-24,"Viburnum","lantanoides","2",NA,NA
"harvard",NA,"ffd","1996",136.5,1996-05-15,"Viburnum","lantanoides","2",NA,NA
"harvard",NA,"ffd","1997",136,1997-05-16,"Viburnum","lantanoides","2",NA,NA
"harvard",NA,"ffd","1998",114,1998-04-24,"Viburnum","lantanoides","2",NA,NA
"harvard",NA,"ffd","1999",111,1999-04-21,"Viburnum","lantanoides","2",NA,NA
"harvard",NA,"ffd","2000",126.666666666667,2000-05-05,"Viburnum","lantanoides","2",NA,NA
"harvard",NA,"ffd","2001",125,2001-05-05,"Viburnum","lantanoides","2",NA,NA
"harvard",NA,"ffd","2003",130,2003-05-10,"Viburnum","lantanoides","2",NA,NA
"harvard",NA,"ffd","1990",159,1990-06-08,"Nemopanthus","mucronata","2",NA,NA
"harvard",NA,"ffd","1991",139,1991-05-19,"Nemopanthus","mucronata","2",NA,NA
"harvard",NA,"ffd","1992",146,1992-05-25,"Nemopanthus","mucronata","2",NA,NA
"harvard",NA,"ffd","1993",128,1993-05-08,"Nemopanthus","mucronata","2",NA,NA
"harvard",NA,"ffd","1994",143,1994-05-23,"Nemopanthus","mucronata","2",NA,NA
"harvard",NA,"ffd","1995",142,1995-05-22,"Nemopanthus","mucronata","2",NA,NA
"harvard",NA,"ffd","1996",139,1996-05-18,"Nemopanthus","mucronata","2",NA,NA
"harvard",NA,"ffd","1997",150.5,1997-05-30,"Nemopanthus","mucronata","2",NA,NA
"harvard",NA,"ffd","1998",128,1998-05-08,"Nemopanthus","mucronata","2",NA,NA
"harvard",NA,"ffd","1999",137.5,1999-05-17,"Nemopanthus","mucronata","2",NA,NA
"harvard",NA,"ffd","2000",137,2000-05-16,"Nemopanthus","mucronata","2",NA,NA
"harvard",NA,"ffd","2001",125,2001-05-05,"Nemopanthus","mucronata","2",NA,NA
