,site,genus,species,event,year,doy,GDD0,GDD5,ChillDaysOND,block,plt
0,marchin,Acer,rubrum,bbd,2011.0,88.0,,,,,1
1,marchin,Acer,rubrum,bbd,2011.0,83.0,,,,,1
2,marchin,Acer,rubrum,bbd,2011.0,96.0,,,,,1
3,marchin,Acer,rubrum,bbd,2011.0,79.0,,,,,1
4,marchin,Acer,rubrum,bbd,2011.0,83.0,,,,,1
5,marchin,Acer,rubrum,bbd,2011.0,80.0,,,,,1
6,marchin,Acer,rubrum,bbd,2011.0,80.0,,,,,1
7,marchin,Acer,rubrum,bbd,2011.0,88.0,,,,,1
8,marchin,Acer,rubrum,bbd,2011.0,92.0,,,,,1
9,marchin,Acer,rubrum,bbd,2011.0,92.0,,,,,1
10,marchin,Carya,tomentosa,bbd,2011.0,96.0,,,,,1
11,marchin,Quercus,alba,bbd,2011.0,83.0,,,,,1
12,marchin,Quercus,alba,bbd,2011.0,79.0,,,,,1
13,marchin,Quercus,alba,bbd,2011.0,83.0,,,,,1
14,marchin,Quercus,alba,bbd,2011.0,81.0,,,,,1
15,marchin,Quercus,alba,bbd,2011.0,79.0,,,,,1
16,marchin,Quercus,alba,bbd,2011.0,79.0,,,,,1
17,marchin,Quercus,alba,bbd,2011.0,79.0,,,,,1
18,marchin,Quercus,alba,bbd,2011.0,79.0,,,,,1
19,marchin,Quercus,alba,bbd,2011.0,82.0,,,,,1
20,marchin,Quercus,alba,bbd,2011.0,80.0,,,,,1
21,marchin,Acer,rubrum,bbd,2011.0,79.0,,,,,2
22,marchin,Acer,rubrum,bbd,2011.0,79.0,,,,,2
23,marchin,Acer,rubrum,bbd,2011.0,79.0,,,,,2
24,marchin,Acer,rubrum,bbd,2011.0,83.0,,,,,2
25,marchin,Acer,rubrum,bbd,2011.0,79.0,,,,,2
26,marchin,Acer,rubrum,bbd,2011.0,83.0,,,,,2
27,marchin,Acer,rubrum,bbd,2011.0,79.0,,,,,2
28,marchin,Acer,rubrum,bbd,2011.0,83.0,,,,,2
29,marchin,Acer,rubrum,bbd,2011.0,83.0,,,,,2
30,marchin,Acer,rubrum,bbd,2011.0,81.0,,,,,2
31,marchin,Carya,tomentosa,bbd,2011.0,83.0,,,,,2
32,marchin,Carya,tomentosa,bbd,2011.0,83.0,,,,,2
33,marchin,Quercus,alba,bbd,2011.0,79.0,,,,,2
34,marchin,Quercus,alba,bbd,2011.0,79.0,,,,,2
35,marchin,Quercus,alba,bbd,2011.0,79.0,,,,,2
36,marchin,Quercus,alba,bbd,2011.0,70.0,,,,,2
37,marchin,Quercus,alba,bbd,2011.0,79.0,,,,,2
38,marchin,Quercus,alba,bbd,2011.0,80.0,,,,,2
39,marchin,Quercus,alba,bbd,2011.0,74.0,,,,,2
40,marchin,Quercus,alba,bbd,2011.0,79.0,,,,,2
41,marchin,Quercus,alba,bbd,2011.0,80.0,,,,,2
42,marchin,Quercus,alba,bbd,2011.0,88.0,,,,,2
43,marchin,Vaccinium,pallidum,bbd,2011.0,79.0,,,,,2
44,marchin,Vaccinium,stamineum,bbd,2011.0,83.0,,,,,2
45,marchin,Vaccinium,stamineum,bbd,2011.0,90.0,,,,,2
46,marchin,Vaccinium,stamineum,bbd,2011.0,96.0,,,,,2
47,marchin,Vaccinium,stamineum,bbd,2011.0,100.0,,,,,2
48,marchin,Vaccinium,stamineum,bbd,2011.0,83.0,,,,,2
49,marchin,Vaccinium,stamineum,bbd,2011.0,83.0,,,,,2
50,marchin,Vaccinium,stamineum,bbd,2011.0,79.0,,,,,2
51,marchin,Acer,rubrum,bbd,2011.0,83.0,,,,,3
52,marchin,Acer,rubrum,bbd,2011.0,79.0,,,,,3
53,marchin,Acer,rubrum,bbd,2011.0,81.0,,,,,3
54,marchin,Acer,rubrum,bbd,2011.0,79.0,,,,,3
55,marchin,Acer,rubrum,bbd,2011.0,79.0,,,,,3
56,marchin,Acer,rubrum,bbd,2011.0,75.0,,,,,3
57,marchin,Acer,rubrum,bbd,2011.0,79.0,,,,,3
58,marchin,Acer,rubrum,bbd,2011.0,83.0,,,,,3
59,marchin,Acer,rubrum,bbd,2011.0,80.0,,,,,3
60,marchin,Acer,rubrum,bbd,2011.0,83.0,,,,,3
61,marchin,Quercus,alba,bbd,2011.0,83.0,,,,,3
62,marchin,Quercus,alba,bbd,2011.0,83.0,,,,,3
63,marchin,Quercus,alba,bbd,2011.0,94.0,,,,,3
64,marchin,Quercus,alba,bbd,2011.0,75.0,,,,,3
65,marchin,Quercus,alba,bbd,2011.0,68.0,,,,,3
66,marchin,Quercus,alba,bbd,2011.0,83.0,,,,,3
67,marchin,Quercus,alba,bbd,2011.0,83.0,,,,,3
68,marchin,Quercus,alba,bbd,2011.0,81.0,,,,,3
69,marchin,Quercus,alba,bbd,2011.0,79.0,,,,,3
70,marchin,Quercus,alba,bbd,2011.0,79.0,,,,,3
71,marchin,Quercus,alba,bbd,2011.0,88.0,,,,,3
72,marchin,Vaccinium,pallidum,bbd,2011.0,83.0,,,,,3
73,marchin,Vaccinium,pallidum,bbd,2011.0,83.0,,,,,3
74,marchin,Vaccinium,pallidum,bbd,2011.0,92.0,,,,,3
75,marchin,Vaccinium,pallidum,bbd,2011.0,68.0,,,,,3
76,marchin,Vaccinium,pallidum,bbd,2011.0,79.0,,,,,3
77,marchin,Vaccinium,pallidum,bbd,2011.0,83.0,,,,,3
78,marchin,Vaccinium,pallidum,bbd,2011.0,83.0,,,,,3
79,marchin,Vaccinium,pallidum,bbd,2011.0,75.0,,,,,3
80,marchin,Vaccinium,pallidum,bbd,2011.0,75.0,,,,,3
81,marchin,Vaccinium,stamineum,bbd,2011.0,79.0,,,,,3
82,marchin,Vaccinium,stamineum,bbd,2011.0,79.0,,,,,3
83,marchin,Acer,rubrum,bbd,2011.0,77.0,,,,,4
84,marchin,Carya,tomentosa,bbd,2011.0,97.0,,,,,4
85,marchin,Quercus,alba,bbd,2011.0,79.0,,,,,4
86,marchin,Quercus,alba,bbd,2011.0,81.0,,,,,4
87,marchin,Quercus,alba,bbd,2011.0,83.0,,,,,4
88,marchin,Quercus,alba,bbd,2011.0,83.0,,,,,4
89,marchin,Quercus,alba,bbd,2011.0,79.0,,,,,4
90,marchin,Quercus,alba,bbd,2011.0,83.0,,,,,4
91,marchin,Quercus,alba,bbd,2011.0,79.0,,,,,4
92,marchin,Quercus,alba,bbd,2011.0,80.0,,,,,4
93,marchin,Quercus,alba,bbd,2011.0,79.0,,,,,4
94,marchin,Quercus,alba,bbd,2011.0,79.0,,,,,4
95,marchin,Quercus,alba,bbd,2011.0,94.0,,,,,4
96,marchin,Quercus,rubra,bbd,2011.0,96.0,,,,,4
97,marchin,Vaccinium,pallidum,bbd,2011.0,79.0,,,,,4
98,marchin,Vaccinium,pallidum,bbd,2011.0,83.0,,,,,4
99,marchin,Vaccinium,pallidum,bbd,2011.0,79.0,,,,,4
100,marchin,Vaccinium,pallidum,bbd,2011.0,79.0,,,,,4
101,marchin,Vaccinium,pallidum,bbd,2011.0,83.0,,,,,4
102,marchin,Vaccinium,pallidum,bbd,2011.0,83.0,,,,,4
103,marchin,Vaccinium,pallidum,bbd,2011.0,83.0,,,,,4
104,marchin,Vaccinium,pallidum,bbd,2011.0,79.0,,,,,4
105,marchin,Vaccinium,pallidum,bbd,2011.0,70.0,,,,,4
106,marchin,Vaccinium,pallidum,bbd,2011.0,83.0,,,,,4
107,marchin,Vaccinium,stamineum,bbd,2011.0,92.0,,,,,4
108,marchin,Vaccinium,stamineum,bbd,2011.0,92.0,,,,,4
109,marchin,Acer,rubrum,bbd,2011.0,75.0,,,,,5
110,marchin,Acer,rubrum,bbd,2011.0,79.0,,,,,5
111,marchin,Acer,rubrum,bbd,2011.0,97.0,,,,,5
112,marchin,Acer,rubrum,bbd,2011.0,97.0,,,,,5
113,marchin,Acer,rubrum,bbd,2011.0,80.0,,,,,5
114,marchin,Carya,tomentosa,bbd,2011.0,94.0,,,,,5
115,marchin,Carya,tomentosa,bbd,2011.0,83.0,,,,,5
116,marchin,Quercus,alba,bbd,2011.0,83.0,,,,,5
117,marchin,Quercus,alba,bbd,2011.0,83.0,,,,,5
118,marchin,Quercus,alba,bbd,2011.0,82.0,,,,,5
119,marchin,Quercus,alba,bbd,2011.0,75.0,,,,,5
120,marchin,Quercus,alba,bbd,2011.0,80.0,,,,,5
121,marchin,Quercus,alba,bbd,2011.0,81.0,,,,,5
122,marchin,Quercus,alba,bbd,2011.0,80.0,,,,,5
123,marchin,Quercus,alba,bbd,2011.0,75.0,,,,,5
124,marchin,Quercus,alba,bbd,2011.0,80.0,,,,,5
125,marchin,Quercus,alba,bbd,2011.0,79.0,,,,,5
126,marchin,Quercus,rubra,bbd,2011.0,96.0,,,,,5
127,marchin,Vaccinium,pallidum,bbd,2011.0,83.0,,,,,5
128,marchin,Vaccinium,pallidum,bbd,2011.0,92.0,,,,,5
129,marchin,Vaccinium,pallidum,bbd,2011.0,77.0,,,,,5
130,marchin,Vaccinium,pallidum,bbd,2011.0,83.0,,,,,5
131,marchin,Vaccinium,pallidum,bbd,2011.0,83.0,,,,,5
132,marchin,Vaccinium,pallidum,bbd,2011.0,88.0,,,,,5
133,marchin,Vaccinium,pallidum,bbd,2011.0,83.0,,,,,5
134,marchin,Vaccinium,pallidum,bbd,2011.0,83.0,,,,,5
135,marchin,Vaccinium,pallidum,bbd,2011.0,88.0,,,,,5
136,marchin,Vaccinium,pallidum,bbd,2011.0,79.0,,,,,5
137,marchin,Vaccinium,stamineum,bbd,2011.0,83.0,,,,,5
138,marchin,Vaccinium,stamineum,bbd,2011.0,90.0,,,,,5
139,marchin,Vaccinium,stamineum,bbd,2011.0,88.0,,,,,5
140,marchin,Vaccinium,stamineum,bbd,2011.0,83.0,,,,,5
141,marchin,Vaccinium,stamineum,bbd,2011.0,83.0,,,,,5
142,marchin,Vaccinium,stamineum,bbd,2011.0,81.0,,,,,5
143,marchin,Acer,rubrum,bbd,2011.0,79.0,,,,,6
144,marchin,Acer,rubrum,bbd,2011.0,79.0,,,,,6
145,marchin,Acer,rubrum,bbd,2011.0,79.0,,,,,6
146,marchin,Acer,rubrum,bbd,2011.0,79.0,,,,,6
147,marchin,Acer,rubrum,bbd,2011.0,72.0,,,,,6
148,marchin,Acer,rubrum,bbd,2011.0,83.0,,,,,6
149,marchin,Acer,rubrum,bbd,2011.0,81.0,,,,,6
150,marchin,Acer,rubrum,bbd,2011.0,79.0,,,,,6
151,marchin,Acer,rubrum,bbd,2011.0,79.0,,,,,6
152,marchin,Acer,rubrum,bbd,2011.0,79.0,,,,,6
153,marchin,Acer,rubrum,bbd,2011.0,72.0,,,,,6
154,marchin,Carya,tomentosa,bbd,2011.0,104.0,,,,,6
155,marchin,Carya,tomentosa,bbd,2011.0,100.0,,,,,6
156,marchin,Carya,tomentosa,bbd,2011.0,100.0,,,,,6
157,marchin,Carya,tomentosa,bbd,2011.0,84.0,,,,,6
158,marchin,Carya,tomentosa,bbd,2011.0,83.0,,,,,6
159,marchin,Carya,tomentosa,bbd,2011.0,98.0,,,,,6
160,marchin,Carya,tomentosa,bbd,2011.0,102.0,,,,,6
161,marchin,Carya,tomentosa,bbd,2011.0,104.0,,,,,6
162,marchin,Quercus,alba,bbd,2011.0,79.0,,,,,6
163,marchin,Quercus,alba,bbd,2011.0,79.0,,,,,6
164,marchin,Quercus,alba,bbd,2011.0,79.0,,,,,6
165,marchin,Quercus,alba,bbd,2011.0,79.0,,,,,6
166,marchin,Quercus,alba,bbd,2011.0,79.0,,,,,6
167,marchin,Quercus,alba,bbd,2011.0,79.0,,,,,6
168,marchin,Quercus,alba,bbd,2011.0,79.0,,,,,6
169,marchin,Quercus,alba,bbd,2011.0,81.0,,,,,6
170,marchin,Quercus,alba,bbd,2011.0,80.0,,,,,6
171,marchin,Quercus,alba,bbd,2011.0,79.0,,,,,6
172,marchin,Quercus,rubra,bbd,2011.0,87.0,,,,,6
173,marchin,Vaccinium,pallidum,bbd,2011.0,85.0,,,,,6
174,marchin,Vaccinium,pallidum,bbd,2011.0,75.0,,,,,6
175,marchin,Vaccinium,pallidum,bbd,2011.0,70.0,,,,,6
176,marchin,Vaccinium,pallidum,bbd,2011.0,83.0,,,,,6
177,marchin,Vaccinium,pallidum,bbd,2011.0,79.0,,,,,6
178,marchin,Vaccinium,pallidum,bbd,2011.0,83.0,,,,,6
179,marchin,Vaccinium,pallidum,bbd,2011.0,83.0,,,,,6
180,marchin,Vaccinium,pallidum,bbd,2011.0,83.0,,,,,6
181,marchin,Vaccinium,pallidum,bbd,2011.0,83.0,,,,,6
182,marchin,Vaccinium,stamineum,bbd,2011.0,83.0,,,,,6
183,marchin,Vaccinium,stamineum,bbd,2011.0,79.0,,,,,6
184,marchin,Acer,rubrum,bbd,2011.0,79.0,,,,,7
185,marchin,Acer,rubrum,bbd,2011.0,81.0,,,,,7
186,marchin,Carya,tomentosa,bbd,2011.0,83.0,,,,,7
187,marchin,Carya,tomentosa,bbd,2011.0,96.0,,,,,7
188,marchin,Carya,tomentosa,bbd,2011.0,92.0,,,,,7
189,marchin,Quercus,alba,bbd,2011.0,79.0,,,,,7
190,marchin,Quercus,alba,bbd,2011.0,70.0,,,,,7
191,marchin,Quercus,alba,bbd,2011.0,79.0,,,,,7
192,marchin,Quercus,alba,bbd,2011.0,79.0,,,,,7
193,marchin,Quercus,alba,bbd,2011.0,72.0,,,,,7
194,marchin,Quercus,alba,bbd,2011.0,79.0,,,,,7
195,marchin,Quercus,alba,bbd,2011.0,70.0,,,,,7
196,marchin,Quercus,alba,bbd,2011.0,83.0,,,,,7
197,marchin,Quercus,alba,bbd,2011.0,83.0,,,,,7
198,marchin,Quercus,alba,bbd,2011.0,83.0,,,,,7
199,marchin,Quercus,rubra,bbd,2011.0,79.0,,,,,7
200,marchin,Vaccinium,pallidum,bbd,2011.0,79.0,,,,,7
201,marchin,Vaccinium,pallidum,bbd,2011.0,79.0,,,,,7
202,marchin,Vaccinium,pallidum,bbd,2011.0,79.0,,,,,7
203,marchin,Vaccinium,pallidum,bbd,2011.0,79.0,,,,,7
204,marchin,Vaccinium,pallidum,bbd,2011.0,83.0,,,,,7
205,marchin,Vaccinium,pallidum,bbd,2011.0,79.0,,,,,7
206,marchin,Vaccinium,pallidum,bbd,2011.0,79.0,,,,,7
207,marchin,Vaccinium,pallidum,bbd,2011.0,79.0,,,,,7
208,marchin,Vaccinium,pallidum,bbd,2011.0,79.0,,,,,7
209,marchin,Vaccinium,pallidum,bbd,2011.0,79.0,,,,,7
210,marchin,Vaccinium,pallidum,bbd,2011.0,83.0,,,,,7
211,marchin,Acer,rubrum,bbd,2011.0,81.0,,,,,8
212,marchin,Acer,rubrum,bbd,2011.0,83.0,,,,,8
213,marchin,Acer,rubrum,bbd,2011.0,83.0,,,,,8
214,marchin,Acer,rubrum,bbd,2011.0,83.0,,,,,8
215,marchin,Acer,rubrum,bbd,2011.0,79.0,,,,,8
216,marchin,Acer,rubrum,bbd,2011.0,80.0,,,,,8
217,marchin,Acer,rubrum,bbd,2011.0,79.0,,,,,8
218,marchin,Acer,rubrum,bbd,2011.0,79.0,,,,,8
219,marchin,Acer,rubrum,bbd,2011.0,81.0,,,,,8
220,marchin,Acer,rubrum,bbd,2011.0,80.0,,,,,8
221,marchin,Carya,tomentosa,bbd,2011.0,82.0,,,,,8
222,marchin,Carya,tomentosa,bbd,2011.0,83.0,,,,,8
223,marchin,Carya,tomentosa,bbd,2011.0,92.0,,,,,8
224,marchin,Carya,tomentosa,bbd,2011.0,88.0,,,,,8
225,marchin,Carya,tomentosa,bbd,2011.0,95.0,,,,,8
226,marchin,Carya,tomentosa,bbd,2011.0,96.0,,,,,8
227,marchin,Quercus,alba,bbd,2011.0,67.0,,,,,8
228,marchin,Quercus,alba,bbd,2011.0,72.0,,,,,8
229,marchin,Quercus,alba,bbd,2011.0,72.0,,,,,8
230,marchin,Quercus,alba,bbd,2011.0,68.0,,,,,8
231,marchin,Quercus,alba,bbd,2011.0,74.0,,,,,8
232,marchin,Quercus,alba,bbd,2011.0,79.0,,,,,8
233,marchin,Quercus,alba,bbd,2011.0,79.0,,,,,8
234,marchin,Quercus,alba,bbd,2011.0,79.0,,,,,8
235,marchin,Quercus,alba,bbd,2011.0,77.0,,,,,8
236,marchin,Quercus,alba,bbd,2011.0,75.0,,,,,8
237,marchin,Quercus,rubra,bbd,2011.0,80.0,,,,,8
238,marchin,Vaccinium,pallidum,bbd,2011.0,77.0,,,,,8
239,marchin,Acer,rubrum,bbd,2011.0,81.0,,,,,9
240,marchin,Acer,rubrum,bbd,2011.0,80.0,,,,,9
241,marchin,Carya,tomentosa,bbd,2011.0,83.0,,,,,9
242,marchin,Carya,tomentosa,bbd,2011.0,83.0,,,,,9
243,marchin,Quercus,alba,bbd,2011.0,80.0,,,,,9
244,marchin,Quercus,alba,bbd,2011.0,80.0,,,,,9
245,marchin,Quercus,alba,bbd,2011.0,79.0,,,,,9
246,marchin,Quercus,alba,bbd,2011.0,72.0,,,,,9
247,marchin,Quercus,alba,bbd,2011.0,79.0,,,,,9
248,marchin,Quercus,alba,bbd,2011.0,77.0,,,,,9
249,marchin,Quercus,alba,bbd,2011.0,79.0,,,,,9
250,marchin,Quercus,alba,bbd,2011.0,75.0,,,,,9
251,marchin,Quercus,alba,bbd,2011.0,68.0,,,,,9
252,marchin,Quercus,alba,bbd,2011.0,77.0,,,,,9
253,marchin,Quercus,rubra,bbd,2011.0,92.0,,,,,9
254,marchin,Vaccinium,pallidum,bbd,2011.0,83.0,,,,,9
255,marchin,Vaccinium,pallidum,bbd,2011.0,83.0,,,,,9
256,marchin,Vaccinium,pallidum,bbd,2011.0,79.0,,,,,9
257,marchin,Vaccinium,pallidum,bbd,2011.0,72.0,,,,,9
258,marchin,Vaccinium,pallidum,bbd,2011.0,83.0,,,,,9
259,marchin,Vaccinium,pallidum,bbd,2011.0,83.0,,,,,9
260,marchin,Vaccinium,pallidum,bbd,2011.0,83.0,,,,,9
261,marchin,Vaccinium,pallidum,bbd,2011.0,83.0,,,,,9
262,marchin,Vaccinium,pallidum,bbd,2011.0,83.0,,,,,9
263,marchin,Vaccinium,pallidum,bbd,2011.0,83.0,,,,,9
264,marchin,Vaccinium,pallidum,bbd,2011.0,72.0,,,,,9
265,marchin,Acer,rubrum,bbd,2011.0,79.0,,,,,10
266,marchin,Acer,rubrum,bbd,2011.0,79.0,,,,,10
267,marchin,Acer,rubrum,bbd,2011.0,79.0,,,,,10
268,marchin,Acer,rubrum,bbd,2011.0,79.0,,,,,10
269,marchin,Acer,rubrum,bbd,2011.0,79.0,,,,,10
270,marchin,Acer,rubrum,bbd,2011.0,80.0,,,,,10
271,marchin,Acer,rubrum,bbd,2011.0,82.0,,,,,10
272,marchin,Acer,rubrum,bbd,2011.0,79.0,,,,,10
273,marchin,Acer,rubrum,bbd,2011.0,77.0,,,,,10
274,marchin,Acer,rubrum,bbd,2011.0,81.0,,,,,10
275,marchin,Carya,tomentosa,bbd,2011.0,99.0,,,,,10
276,marchin,Carya,tomentosa,bbd,2011.0,86.0,,,,,10
277,marchin,Carya,tomentosa,bbd,2011.0,94.0,,,,,10
278,marchin,Carya,tomentosa,bbd,2011.0,83.0,,,,,10
279,marchin,Quercus,alba,bbd,2011.0,70.0,,,,,10
280,marchin,Quercus,alba,bbd,2011.0,79.0,,,,,10
281,marchin,Quercus,alba,bbd,2011.0,70.0,,,,,10
282,marchin,Quercus,alba,bbd,2011.0,79.0,,,,,10
283,marchin,Quercus,alba,bbd,2011.0,79.0,,,,,10
284,marchin,Quercus,alba,bbd,2011.0,79.0,,,,,10
285,marchin,Quercus,alba,bbd,2011.0,79.0,,,,,10
286,marchin,Quercus,alba,bbd,2011.0,79.0,,,,,10
287,marchin,Quercus,alba,bbd,2011.0,79.0,,,,,10
288,marchin,Quercus,alba,bbd,2011.0,79.0,,,,,10
289,marchin,Quercus,rubra,bbd,2011.0,79.0,,,,,10
290,marchin,Vaccinium,stamineum,bbd,2011.0,77.0,,,,,10
291,marchin,Vaccinium,stamineum,bbd,2011.0,75.0,,,,,10
292,marchin,Vaccinium,stamineum,bbd,2011.0,75.0,,,,,10
293,marchin,Vaccinium,stamineum,bbd,2011.0,75.0,,,,,10
294,marchin,Vaccinium,stamineum,bbd,2011.0,77.0,,,,,10
295,marchin,Vaccinium,stamineum,bbd,2011.0,75.0,,,,,10
296,marchin,Vaccinium,stamineum,bbd,2011.0,77.0,,,,,10
297,marchin,Vaccinium,stamineum,bbd,2011.0,77.0,,,,,10
298,marchin,Vaccinium,stamineum,bbd,2011.0,77.0,,,,,10
299,marchin,Vaccinium,stamineum,bbd,2011.0,75.0,,,,,10
300,marchin,Acer,rubrum,bbd,2011.0,83.0,,,,,11
301,marchin,Acer,rubrum,bbd,2011.0,83.0,,,,,11
302,marchin,Acer,rubrum,bbd,2011.0,83.0,,,,,11
303,marchin,Acer,rubrum,bbd,2011.0,81.0,,,,,11
304,marchin,Acer,rubrum,bbd,2011.0,80.0,,,,,11
305,marchin,Acer,rubrum,bbd,2011.0,80.0,,,,,11
306,marchin,Acer,rubrum,bbd,2011.0,83.0,,,,,11
307,marchin,Acer,rubrum,bbd,2011.0,72.0,,,,,11
308,marchin,Acer,rubrum,bbd,2011.0,80.0,,,,,11
309,marchin,Acer,rubrum,bbd,2011.0,75.0,,,,,11
310,marchin,Carya,tomentosa,bbd,2011.0,102.0,,,,,11
311,marchin,Carya,tomentosa,bbd,2011.0,84.0,,,,,11
312,marchin,Carya,tomentosa,bbd,2011.0,98.0,,,,,11
313,marchin,Carya,tomentosa,bbd,2011.0,93.0,,,,,11
314,marchin,Quercus,alba,bbd,2011.0,79.0,,,,,11
315,marchin,Quercus,alba,bbd,2011.0,70.0,,,,,11
316,marchin,Quercus,alba,bbd,2011.0,79.0,,,,,11
317,marchin,Quercus,alba,bbd,2011.0,75.0,,,,,11
318,marchin,Quercus,alba,bbd,2011.0,79.0,,,,,11
319,marchin,Quercus,alba,bbd,2011.0,79.0,,,,,11
320,marchin,Quercus,alba,bbd,2011.0,80.0,,,,,11
321,marchin,Quercus,alba,bbd,2011.0,82.0,,,,,11
322,marchin,Quercus,alba,bbd,2011.0,79.0,,,,,11
323,marchin,Quercus,alba,bbd,2011.0,79.0,,,,,11
324,marchin,Quercus,alba,bbd,2011.0,72.0,,,,,11
325,marchin,Quercus,rubra,bbd,2011.0,92.0,,,,,11
326,marchin,Vaccinium,pallidum,bbd,2011.0,79.0,,,,,11
327,marchin,Vaccinium,pallidum,bbd,2011.0,79.0,,,,,11
328,marchin,Vaccinium,pallidum,bbd,2011.0,79.0,,,,,11
329,marchin,Vaccinium,pallidum,bbd,2011.0,83.0,,,,,11
330,marchin,Vaccinium,pallidum,bbd,2011.0,83.0,,,,,11
331,marchin,Vaccinium,stamineum,bbd,2011.0,83.0,,,,,11
332,marchin,Acer,rubrum,bbd,2011.0,79.0,,,,,12
333,marchin,Acer,rubrum,bbd,2011.0,83.0,,,,,12
334,marchin,Acer,rubrum,bbd,2011.0,70.0,,,,,12
335,marchin,Acer,rubrum,bbd,2011.0,79.0,,,,,12
336,marchin,Acer,rubrum,bbd,2011.0,83.0,,,,,12
337,marchin,Acer,rubrum,bbd,2011.0,70.0,,,,,12
338,marchin,Acer,rubrum,bbd,2011.0,88.0,,,,,12
339,marchin,Acer,rubrum,bbd,2011.0,80.0,,,,,12
340,marchin,Acer,rubrum,bbd,2011.0,70.0,,,,,12
341,marchin,Acer,rubrum,bbd,2011.0,81.0,,,,,12
342,marchin,Carya,tomentosa,bbd,2011.0,83.0,,,,,12
343,marchin,Carya,tomentosa,bbd,2011.0,83.0,,,,,12
344,marchin,Carya,tomentosa,bbd,2011.0,83.0,,,,,12
345,marchin,Carya,tomentosa,bbd,2011.0,92.0,,,,,12
346,marchin,Carya,tomentosa,bbd,2011.0,92.0,,,,,12
347,marchin,Carya,tomentosa,bbd,2011.0,88.0,,,,,12
348,marchin,Carya,tomentosa,bbd,2011.0,96.0,,,,,12
349,marchin,Carya,tomentosa,bbd,2011.0,94.0,,,,,12
350,marchin,Quercus,alba,bbd,2011.0,79.0,,,,,12
351,marchin,Quercus,alba,bbd,2011.0,81.0,,,,,12
352,marchin,Quercus,alba,bbd,2011.0,79.0,,,,,12
353,marchin,Quercus,alba,bbd,2011.0,81.0,,,,,12
354,marchin,Quercus,alba,bbd,2011.0,79.0,,,,,12
355,marchin,Quercus,alba,bbd,2011.0,83.0,,,,,12
356,marchin,Quercus,alba,bbd,2011.0,71.0,,,,,12
357,marchin,Quercus,alba,bbd,2011.0,79.0,,,,,12
358,marchin,Quercus,alba,bbd,2011.0,79.0,,,,,12
359,marchin,Quercus,rubra,bbd,2011.0,88.0,,,,,12
360,marchin,Vaccinium,pallidum,bbd,2011.0,70.0,,,,,12
361,marchin,Vaccinium,pallidum,bbd,2011.0,79.0,,,,,12
362,marchin,Vaccinium,pallidum,bbd,2011.0,79.0,,,,,12
363,marchin,Vaccinium,pallidum,bbd,2011.0,83.0,,,,,12
364,marchin,Vaccinium,pallidum,bbd,2011.0,92.0,,,,,12
365,marchin,Vaccinium,pallidum,bbd,2011.0,92.0,,,,,12
366,marchin,Vaccinium,pallidum,bbd,2011.0,92.0,,,,,12
367,marchin,Vaccinium,pallidum,bbd,2011.0,83.0,,,,,12
368,marchin,Vaccinium,pallidum,bbd,2011.0,83.0,,,,,12
369,marchin,Vaccinium,pallidum,bbd,2011.0,83.0,,,,,12
370,marchin,Vaccinium,stamineum,bbd,2011.0,86.0,,,,,12
371,marchin,Vaccinium,stamineum,bbd,2011.0,83.0,,,,,12
372,marchin,Vaccinium,stamineum,bbd,2011.0,83.0,,,,,12
373,marchin,Vaccinium,stamineum,bbd,2011.0,92.0,,,,,12
374,marchin,Vaccinium,stamineum,bbd,2011.0,83.0,,,,,12
375,marchin,Acer,rubrum,bbd,2011.0,81.0,,,,,OUT
376,marchin,Acer,rubrum,bbd,2011.0,88.0,,,,,OUT
377,marchin,Acer,rubrum,bbd,2011.0,83.0,,,,,OUT
378,marchin,Acer,rubrum,bbd,2011.0,90.0,,,,,OUT
379,marchin,Acer,rubrum,bbd,2011.0,79.0,,,,,OUT
380,marchin,Acer,rubrum,bbd,2011.0,72.0,,,,,OUT
381,marchin,Acer,rubrum,bbd,2011.0,83.0,,,,,OUT
382,marchin,Carya,tomentosa,bbd,2011.0,92.0,,,,,OUT
383,marchin,Carya,tomentosa,bbd,2011.0,97.0,,,,,OUT
384,marchin,Carya,tomentosa,bbd,2011.0,88.0,,,,,OUT
385,marchin,Carya,tomentosa,bbd,2011.0,96.0,,,,,OUT
386,marchin,Carya,tomentosa,bbd,2011.0,92.0,,,,,OUT
387,marchin,Carya,tomentosa,bbd,2011.0,94.0,,,,,OUT
388,marchin,Carya,tomentosa,bbd,2011.0,94.0,,,,,OUT
389,marchin,Carya,tomentosa,bbd,2011.0,98.0,,,,,OUT
390,marchin,Carya,tomentosa,bbd,2011.0,96.0,,,,,OUT
391,marchin,Carya,tomentosa,bbd,2011.0,98.0,,,,,OUT
392,marchin,Quercus,alba,bbd,2011.0,79.0,,,,,OUT
393,marchin,Quercus,alba,bbd,2011.0,80.0,,,,,OUT
394,marchin,Quercus,alba,bbd,2011.0,83.0,,,,,OUT
395,marchin,Quercus,alba,bbd,2011.0,83.0,,,,,OUT
396,marchin,Quercus,alba,bbd,2011.0,79.0,,,,,OUT
397,marchin,Quercus,alba,bbd,2011.0,83.0,,,,,OUT
398,marchin,Quercus,alba,bbd,2011.0,83.0,,,,,OUT
399,marchin,Quercus,rubra,bbd,2011.0,88.0,,,,,OUT
400,marchin,Quercus,rubra,bbd,2011.0,100.0,,,,,OUT
401,marchin,Quercus,rubra,bbd,2011.0,93.0,,,,,OUT
402,marchin,Quercus,rubra,bbd,2011.0,92.0,,,,,OUT
403,marchin,Quercus,rubra,bbd,2011.0,96.0,,,,,OUT
404,marchin,Quercus,rubra,bbd,2011.0,94.0,,,,,OUT
405,marchin,Vaccinium,pallidum,bbd,2011.0,88.0,,,,,OUT
406,marchin,Vaccinium,pallidum,bbd,2011.0,88.0,,,,,OUT
407,marchin,Vaccinium,pallidum,bbd,2011.0,83.0,,,,,OUT
408,marchin,Vaccinium,pallidum,bbd,2011.0,83.0,,,,,OUT
409,marchin,Vaccinium,stamineum,bbd,2011.0,83.0,,,,,OUT
410,marchin,Vaccinium,stamineum,bbd,2011.0,88.0,,,,,OUT
411,marchin,Vaccinium,stamineum,bbd,2011.0,83.0,,,,,OUT
412,marchin,Vaccinium,stamineum,bbd,2011.0,88.0,,,,,OUT
413,marchin,Vaccinium,stamineum,bbd,2011.0,83.0,,,,,OUT
414,marchin,Vaccinium,stamineum,bbd,2011.0,88.0,,,,,OUT
415,marchin,Vaccinium,stamineum,bbd,2011.0,88.0,,,,,OUT
416,marchin,Vaccinium,stamineum,bbd,2011.0,83.0,,,,,OUT
417,marchin,Acer,rubrum,bbd,2013.0,90.0,,,,,1
418,marchin,Acer,rubrum,bbd,2013.0,100.0,,,,,1
419,marchin,Acer,rubrum,bbd,2013.0,100.0,,,,,1
420,marchin,Acer,rubrum,bbd,2013.0,96.0,,,,,1
421,marchin,Acer,rubrum,bbd,2013.0,96.0,,,,,1
422,marchin,Acer,rubrum,bbd,2013.0,93.0,,,,,1
423,marchin,Acer,rubrum,bbd,2013.0,98.0,,,,,1
424,marchin,Acer,rubrum,bbd,2013.0,96.0,,,,,1
425,marchin,Acer,rubrum,bbd,2013.0,96.0,,,,,1
426,marchin,Acer,rubrum,bbd,2013.0,96.0,,,,,1
427,marchin,Carya,tomentosa,bbd,2013.0,98.0,,,,,1
428,marchin,Carya,tomentosa,bbd,2013.0,98.0,,,,,1
429,marchin,Carya,tomentosa,bbd,2013.0,96.0,,,,,1
430,marchin,Carya,tomentosa,bbd,2013.0,96.0,,,,,1
431,marchin,Quercus,alba,bbd,2013.0,84.0,,,,,1
432,marchin,Quercus,alba,bbd,2013.0,89.0,,,,,1
433,marchin,Quercus,alba,bbd,2013.0,79.0,,,,,1
434,marchin,Quercus,alba,bbd,2013.0,89.0,,,,,1
435,marchin,Quercus,alba,bbd,2013.0,89.0,,,,,1
436,marchin,Quercus,alba,bbd,2013.0,79.0,,,,,1
437,marchin,Quercus,alba,bbd,2013.0,93.0,,,,,1
438,marchin,Quercus,alba,bbd,2013.0,73.0,,,,,1
439,marchin,Quercus,alba,bbd,2013.0,89.0,,,,,1
440,marchin,Quercus,alba,bbd,2013.0,89.0,,,,,1
441,marchin,Acer,rubrum,bbd,2013.0,79.0,,,,,2
442,marchin,Acer,rubrum,bbd,2013.0,93.0,,,,,2
443,marchin,Acer,rubrum,bbd,2013.0,99.0,,,,,2
444,marchin,Acer,rubrum,bbd,2013.0,84.0,,,,,2
445,marchin,Acer,rubrum,bbd,2013.0,96.0,,,,,2
446,marchin,Acer,rubrum,bbd,2013.0,96.0,,,,,2
447,marchin,Acer,rubrum,bbd,2013.0,96.0,,,,,2
448,marchin,Acer,rubrum,bbd,2013.0,96.0,,,,,2
449,marchin,Acer,rubrum,bbd,2013.0,89.0,,,,,2
450,marchin,Carya,tomentosa,bbd,2013.0,99.0,,,,,2
451,marchin,Quercus,alba,bbd,2013.0,96.0,,,,,2
452,marchin,Quercus,alba,bbd,2013.0,89.0,,,,,2
453,marchin,Quercus,alba,bbd,2013.0,84.0,,,,,2
454,marchin,Quercus,alba,bbd,2013.0,84.0,,,,,2
455,marchin,Quercus,alba,bbd,2013.0,84.0,,,,,2
456,marchin,Quercus,alba,bbd,2013.0,84.0,,,,,2
457,marchin,Quercus,alba,bbd,2013.0,84.0,,,,,2
458,marchin,Quercus,alba,bbd,2013.0,84.0,,,,,2
459,marchin,Quercus,alba,bbd,2013.0,89.0,,,,,2
460,marchin,Quercus,alba,bbd,2013.0,89.0,,,,,2
461,marchin,Vaccinium,stamineum,bbd,2013.0,99.0,,,,,2
462,marchin,Vaccinium,stamineum,bbd,2013.0,99.0,,,,,2
463,marchin,Vaccinium,stamineum,bbd,2013.0,96.0,,,,,2
464,marchin,Vaccinium,stamineum,bbd,2013.0,99.0,,,,,2
465,marchin,Vaccinium,stamineum,bbd,2013.0,99.0,,,,,2
466,marchin,Acer,rubrum,bbd,2013.0,93.0,,,,,3
467,marchin,Acer,rubrum,bbd,2013.0,93.0,,,,,3
468,marchin,Acer,rubrum,bbd,2013.0,96.0,,,,,3
469,marchin,Acer,rubrum,bbd,2013.0,99.0,,,,,3
470,marchin,Acer,rubrum,bbd,2013.0,96.0,,,,,3
471,marchin,Acer,rubrum,bbd,2013.0,99.0,,,,,3
472,marchin,Acer,rubrum,bbd,2013.0,99.0,,,,,3
473,marchin,Acer,rubrum,bbd,2013.0,99.0,,,,,3
474,marchin,Acer,rubrum,bbd,2013.0,100.0,,,,,3
475,marchin,Acer,rubrum,bbd,2013.0,93.0,,,,,3
476,marchin,Quercus,alba,bbd,2013.0,84.0,,,,,3
477,marchin,Quercus,alba,bbd,2013.0,79.0,,,,,3
478,marchin,Quercus,alba,bbd,2013.0,84.0,,,,,3
479,marchin,Quercus,alba,bbd,2013.0,79.0,,,,,3
480,marchin,Quercus,alba,bbd,2013.0,89.0,,,,,3
481,marchin,Quercus,alba,bbd,2013.0,89.0,,,,,3
482,marchin,Quercus,alba,bbd,2013.0,79.0,,,,,3
483,marchin,Quercus,alba,bbd,2013.0,96.0,,,,,3
484,marchin,Quercus,alba,bbd,2013.0,84.0,,,,,3
485,marchin,Quercus,alba,bbd,2013.0,89.0,,,,,3
486,marchin,Vaccinium,pallidum,bbd,2013.0,103.0,,,,,3
487,marchin,Vaccinium,pallidum,bbd,2013.0,89.0,,,,,3
488,marchin,Vaccinium,pallidum,bbd,2013.0,99.0,,,,,3
489,marchin,Vaccinium,pallidum,bbd,2013.0,97.0,,,,,3
490,marchin,Acer,rubrum,bbd,2013.0,96.0,,,,,4
491,marchin,Acer,rubrum,bbd,2013.0,95.0,,,,,4
492,marchin,Acer,rubrum,bbd,2013.0,79.0,,,,,4
493,marchin,Acer,rubrum,bbd,2013.0,93.0,,,,,4
494,marchin,Carya,tomentosa,bbd,2013.0,96.0,,,,,4
495,marchin,Quercus,alba,bbd,2013.0,84.0,,,,,4
496,marchin,Quercus,alba,bbd,2013.0,89.0,,,,,4
497,marchin,Quercus,alba,bbd,2013.0,89.0,,,,,4
498,marchin,Quercus,alba,bbd,2013.0,89.0,,,,,4
499,marchin,Quercus,alba,bbd,2013.0,89.0,,,,,4
500,marchin,Quercus,alba,bbd,2013.0,89.0,,,,,4
501,marchin,Quercus,alba,bbd,2013.0,89.0,,,,,4
502,marchin,Quercus,alba,bbd,2013.0,89.0,,,,,4
503,marchin,Quercus,alba,bbd,2013.0,79.0,,,,,4
504,marchin,Quercus,alba,bbd,2013.0,85.0,,,,,4
505,marchin,Quercus,rubra,bbd,2013.0,99.0,,,,,4
506,marchin,Vaccinium,pallidum,bbd,2013.0,96.0,,,,,4
507,marchin,Vaccinium,pallidum,bbd,2013.0,96.0,,,,,4
508,marchin,Vaccinium,pallidum,bbd,2013.0,96.0,,,,,4
509,marchin,Vaccinium,pallidum,bbd,2013.0,96.0,,,,,4
510,marchin,Vaccinium,pallidum,bbd,2013.0,96.0,,,,,4
511,marchin,Vaccinium,pallidum,bbd,2013.0,96.0,,,,,4
512,marchin,Vaccinium,pallidum,bbd,2013.0,99.0,,,,,4
513,marchin,Vaccinium,pallidum,bbd,2013.0,96.0,,,,,4
514,marchin,Vaccinium,pallidum,bbd,2013.0,96.0,,,,,4
515,marchin,Vaccinium,pallidum,bbd,2013.0,84.0,,,,,4
516,marchin,Vaccinium,stamineum,bbd,2013.0,101.0,,,,,4
517,marchin,Vaccinium,stamineum,bbd,2013.0,101.0,,,,,4
518,marchin,Vaccinium,stamineum,bbd,2013.0,100.0,,,,,4
519,marchin,Vaccinium,stamineum,bbd,2013.0,99.0,,,,,4
520,marchin,Vaccinium,stamineum,bbd,2013.0,100.0,,,,,4
521,marchin,Acer,rubrum,bbd,2013.0,102.0,,,,,5
522,marchin,Acer,rubrum,bbd,2013.0,98.0,,,,,5
523,marchin,Acer,rubrum,bbd,2013.0,96.0,,,,,5
524,marchin,Acer,rubrum,bbd,2013.0,96.0,,,,,5
525,marchin,Carya,tomentosa,bbd,2013.0,99.0,,,,,5
526,marchin,Quercus,alba,bbd,2013.0,99.0,,,,,5
527,marchin,Quercus,alba,bbd,2013.0,89.0,,,,,5
528,marchin,Quercus,alba,bbd,2013.0,87.0,,,,,5
529,marchin,Quercus,alba,bbd,2013.0,89.0,,,,,5
530,marchin,Quercus,alba,bbd,2013.0,92.0,,,,,5
531,marchin,Quercus,alba,bbd,2013.0,96.0,,,,,5
532,marchin,Quercus,alba,bbd,2013.0,96.0,,,,,5
533,marchin,Quercus,alba,bbd,2013.0,89.0,,,,,5
534,marchin,Quercus,alba,bbd,2013.0,96.0,,,,,5
535,marchin,Quercus,alba,bbd,2013.0,96.0,,,,,5
536,marchin,Quercus,alba,bbd,2013.0,73.0,,,,,5
537,marchin,Quercus,rubra,bbd,2013.0,96.0,,,,,5
538,marchin,Vaccinium,pallidum,bbd,2013.0,96.0,,,,,5
539,marchin,Vaccinium,pallidum,bbd,2013.0,89.0,,,,,5
540,marchin,Vaccinium,pallidum,bbd,2013.0,84.0,,,,,5
541,marchin,Vaccinium,pallidum,bbd,2013.0,84.0,,,,,5
542,marchin,Vaccinium,pallidum,bbd,2013.0,82.0,,,,,5
543,marchin,Vaccinium,pallidum,bbd,2013.0,84.0,,,,,5
544,marchin,Vaccinium,pallidum,bbd,2013.0,84.0,,,,,5
545,marchin,Vaccinium,pallidum,bbd,2013.0,84.0,,,,,5
546,marchin,Vaccinium,stamineum,bbd,2013.0,96.0,,,,,5
547,marchin,Vaccinium,stamineum,bbd,2013.0,96.0,,,,,5
548,marchin,Vaccinium,stamineum,bbd,2013.0,99.0,,,,,5
549,marchin,Vaccinium,stamineum,bbd,2013.0,99.0,,,,,5
550,marchin,Vaccinium,stamineum,bbd,2013.0,99.0,,,,,5
551,marchin,Vaccinium,stamineum,bbd,2013.0,99.0,,,,,5
552,marchin,Vaccinium,stamineum,bbd,2013.0,99.0,,,,,5
553,marchin,Vaccinium,stamineum,bbd,2013.0,99.0,,,,,5
554,marchin,Acer,rubrum,bbd,2013.0,89.0,,,,,6
555,marchin,Acer,rubrum,bbd,2013.0,96.0,,,,,6
556,marchin,Acer,rubrum,bbd,2013.0,79.0,,,,,6
557,marchin,Acer,rubrum,bbd,2013.0,84.0,,,,,6
558,marchin,Acer,rubrum,bbd,2013.0,92.0,,,,,6
559,marchin,Acer,rubrum,bbd,2013.0,92.0,,,,,6
560,marchin,Acer,rubrum,bbd,2013.0,92.0,,,,,6
561,marchin,Acer,rubrum,bbd,2013.0,92.0,,,,,6
562,marchin,Acer,rubrum,bbd,2013.0,92.0,,,,,6
563,marchin,Acer,rubrum,bbd,2013.0,96.0,,,,,6
564,marchin,Carya,tomentosa,bbd,2013.0,99.0,,,,,6
565,marchin,Carya,tomentosa,bbd,2013.0,99.0,,,,,6
566,marchin,Carya,tomentosa,bbd,2013.0,96.0,,,,,6
567,marchin,Carya,tomentosa,bbd,2013.0,96.0,,,,,6
568,marchin,Carya,tomentosa,bbd,2013.0,99.0,,,,,6
569,marchin,Carya,tomentosa,bbd,2013.0,99.0,,,,,6
570,marchin,Carya,tomentosa,bbd,2013.0,96.0,,,,,6
571,marchin,Carya,tomentosa,bbd,2013.0,99.0,,,,,6
572,marchin,Quercus,alba,bbd,2013.0,84.0,,,,,6
573,marchin,Quercus,alba,bbd,2013.0,84.0,,,,,6
574,marchin,Quercus,alba,bbd,2013.0,89.0,,,,,6
575,marchin,Quercus,alba,bbd,2013.0,92.0,,,,,6
576,marchin,Quercus,alba,bbd,2013.0,89.0,,,,,6
577,marchin,Quercus,alba,bbd,2013.0,79.0,,,,,6
578,marchin,Quercus,alba,bbd,2013.0,79.0,,,,,6
579,marchin,Quercus,alba,bbd,2013.0,89.0,,,,,6
580,marchin,Quercus,alba,bbd,2013.0,89.0,,,,,6
581,marchin,Quercus,alba,bbd,2013.0,89.0,,,,,6
582,marchin,Quercus,rubra,bbd,2013.0,103.0,,,,,6
583,marchin,Vaccinium,pallidum,bbd,2013.0,99.0,,,,,6
584,marchin,Vaccinium,pallidum,bbd,2013.0,101.0,,,,,6
585,marchin,Vaccinium,pallidum,bbd,2013.0,99.0,,,,,6
586,marchin,Vaccinium,pallidum,bbd,2013.0,99.0,,,,,6
587,marchin,Vaccinium,stamineum,bbd,2013.0,96.0,,,,,6
588,marchin,Vaccinium,stamineum,bbd,2013.0,99.0,,,,,6
589,marchin,Vaccinium,stamineum,bbd,2013.0,92.0,,,,,6
590,marchin,Vaccinium,stamineum,bbd,2013.0,96.0,,,,,6
591,marchin,Vaccinium,stamineum,bbd,2013.0,96.0,,,,,6
592,marchin,Vaccinium,stamineum,bbd,2013.0,96.0,,,,,6
593,marchin,Vaccinium,stamineum,bbd,2013.0,99.0,,,,,6
594,marchin,Acer,rubrum,bbd,2013.0,92.0,,,,,7
595,marchin,Acer,rubrum,bbd,2013.0,92.0,,,,,7
596,marchin,Acer,rubrum,bbd,2013.0,92.0,,,,,7
597,marchin,Acer,rubrum,bbd,2013.0,79.0,,,,,7
598,marchin,Acer,rubrum,bbd,2013.0,96.0,,,,,7
599,marchin,Acer,rubrum,bbd,2013.0,89.0,,,,,7
600,marchin,Carya,tomentosa,bbd,2013.0,99.0,,,,,7
601,marchin,Carya,tomentosa,bbd,2013.0,96.0,,,,,7
602,marchin,Carya,tomentosa,bbd,2013.0,96.0,,,,,7
603,marchin,Carya,tomentosa,bbd,2013.0,96.0,,,,,7
604,marchin,Quercus,alba,bbd,2013.0,89.0,,,,,7
605,marchin,Quercus,alba,bbd,2013.0,81.0,,,,,7
606,marchin,Quercus,alba,bbd,2013.0,92.0,,,,,7
607,marchin,Quercus,alba,bbd,2013.0,89.0,,,,,7
608,marchin,Quercus,alba,bbd,2013.0,79.0,,,,,7
609,marchin,Quercus,alba,bbd,2013.0,89.0,,,,,7
610,marchin,Quercus,alba,bbd,2013.0,84.0,,,,,7
611,marchin,Quercus,alba,bbd,2013.0,79.0,,,,,7
612,marchin,Quercus,alba,bbd,2013.0,84.0,,,,,7
613,marchin,Quercus,alba,bbd,2013.0,81.0,,,,,7
614,marchin,Quercus,rubra,bbd,2013.0,92.0,,,,,7
615,marchin,Vaccinium,pallidum,bbd,2013.0,89.0,,,,,7
616,marchin,Vaccinium,pallidum,bbd,2013.0,96.0,,,,,7
617,marchin,Vaccinium,pallidum,bbd,2013.0,96.0,,,,,7
618,marchin,Vaccinium,pallidum,bbd,2013.0,99.0,,,,,7
619,marchin,Vaccinium,pallidum,bbd,2013.0,96.0,,,,,7
620,marchin,Vaccinium,pallidum,bbd,2013.0,96.0,,,,,7
621,marchin,Vaccinium,pallidum,bbd,2013.0,96.0,,,,,7
622,marchin,Vaccinium,pallidum,bbd,2013.0,99.0,,,,,7
623,marchin,Vaccinium,pallidum,bbd,2013.0,96.0,,,,,7
624,marchin,Vaccinium,pallidum,bbd,2013.0,99.0,,,,,7
625,marchin,Vaccinium,stamineum,bbd,2013.0,99.0,,,,,7
626,marchin,Acer,rubrum,bbd,2013.0,92.0,,,,,8
627,marchin,Acer,rubrum,bbd,2013.0,92.0,,,,,8
628,marchin,Acer,rubrum,bbd,2013.0,89.0,,,,,8
629,marchin,Acer,rubrum,bbd,2013.0,96.0,,,,,8
630,marchin,Acer,rubrum,bbd,2013.0,96.0,,,,,8
631,marchin,Acer,rubrum,bbd,2013.0,96.0,,,,,8
632,marchin,Acer,rubrum,bbd,2013.0,89.0,,,,,8
633,marchin,Acer,rubrum,bbd,2013.0,96.0,,,,,8
634,marchin,Acer,rubrum,bbd,2013.0,99.0,,,,,8
635,marchin,Carya,tomentosa,bbd,2013.0,97.0,,,,,8
636,marchin,Carya,tomentosa,bbd,2013.0,89.0,,,,,8
637,marchin,Carya,tomentosa,bbd,2013.0,92.0,,,,,8
638,marchin,Carya,tomentosa,bbd,2013.0,99.0,,,,,8
639,marchin,Carya,tomentosa,bbd,2013.0,96.0,,,,,8
640,marchin,Quercus,alba,bbd,2013.0,73.0,,,,,8
641,marchin,Quercus,alba,bbd,2013.0,79.0,,,,,8
642,marchin,Quercus,alba,bbd,2013.0,76.0,,,,,8
643,marchin,Quercus,alba,bbd,2013.0,79.0,,,,,8
644,marchin,Quercus,alba,bbd,2013.0,73.0,,,,,8
645,marchin,Quercus,alba,bbd,2013.0,96.0,,,,,8
646,marchin,Quercus,alba,bbd,2013.0,79.0,,,,,8
647,marchin,Quercus,alba,bbd,2013.0,79.0,,,,,8
648,marchin,Quercus,alba,bbd,2013.0,73.0,,,,,8
649,marchin,Quercus,alba,bbd,2013.0,79.0,,,,,8
650,marchin,Quercus,alba,bbd,2013.0,84.0,,,,,8
651,marchin,Quercus,rubra,bbd,2013.0,89.0,,,,,8
652,marchin,Acer,rubrum,bbd,2013.0,89.0,,,,,9
653,marchin,Acer,rubrum,bbd,2013.0,92.0,,,,,9
654,marchin,Acer,rubrum,bbd,2013.0,93.0,,,,,9
655,marchin,Carya,tomentosa,bbd,2013.0,94.0,,,,,9
656,marchin,Carya,tomentosa,bbd,2013.0,92.0,,,,,9
657,marchin,Carya,tomentosa,bbd,2013.0,96.0,,,,,9
658,marchin,Quercus,alba,bbd,2013.0,77.0,,,,,9
659,marchin,Quercus,alba,bbd,2013.0,79.0,,,,,9
660,marchin,Quercus,alba,bbd,2013.0,89.0,,,,,9
661,marchin,Quercus,alba,bbd,2013.0,76.0,,,,,9
662,marchin,Quercus,alba,bbd,2013.0,93.0,,,,,9
663,marchin,Quercus,alba,bbd,2013.0,68.0,,,,,9
664,marchin,Quercus,alba,bbd,2013.0,73.0,,,,,9
665,marchin,Quercus,alba,bbd,2013.0,73.0,,,,,9
666,marchin,Quercus,alba,bbd,2013.0,73.0,,,,,9
667,marchin,Quercus,alba,bbd,2013.0,68.0,,,,,9
668,marchin,Quercus,alba,bbd,2013.0,76.0,,,,,9
669,marchin,Quercus,rubra,bbd,2013.0,84.0,,,,,9
670,marchin,Quercus,rubra,bbd,2013.0,96.0,,,,,9
671,marchin,Vaccinium,pallidum,bbd,2013.0,89.0,,,,,9
672,marchin,Vaccinium,pallidum,bbd,2013.0,68.0,,,,,9
673,marchin,Vaccinium,pallidum,bbd,2013.0,89.0,,,,,9
674,marchin,Vaccinium,pallidum,bbd,2013.0,89.0,,,,,9
675,marchin,Vaccinium,pallidum,bbd,2013.0,99.0,,,,,9
676,marchin,Vaccinium,pallidum,bbd,2013.0,96.0,,,,,9
677,marchin,Vaccinium,pallidum,bbd,2013.0,96.0,,,,,9
678,marchin,Vaccinium,pallidum,bbd,2013.0,96.0,,,,,9
679,marchin,Vaccinium,pallidum,bbd,2013.0,89.0,,,,,9
680,marchin,Acer,rubrum,bbd,2013.0,92.0,,,,,10
681,marchin,Acer,rubrum,bbd,2013.0,89.0,,,,,10
682,marchin,Acer,rubrum,bbd,2013.0,95.0,,,,,10
683,marchin,Acer,rubrum,bbd,2013.0,96.0,,,,,10
684,marchin,Acer,rubrum,bbd,2013.0,84.0,,,,,10
685,marchin,Acer,rubrum,bbd,2013.0,96.0,,,,,10
686,marchin,Acer,rubrum,bbd,2013.0,99.0,,,,,10
687,marchin,Acer,rubrum,bbd,2013.0,84.0,,,,,10
688,marchin,Acer,rubrum,bbd,2013.0,92.0,,,,,10
689,marchin,Acer,rubrum,bbd,2013.0,89.0,,,,,10
690,marchin,Carya,tomentosa,bbd,2013.0,92.0,,,,,10
691,marchin,Carya,tomentosa,bbd,2013.0,99.0,,,,,10
692,marchin,Carya,tomentosa,bbd,2013.0,96.0,,,,,10
693,marchin,Carya,tomentosa,bbd,2013.0,96.0,,,,,10
694,marchin,Carya,tomentosa,bbd,2013.0,87.0,,,,,10
695,marchin,Carya,tomentosa,bbd,2013.0,96.0,,,,,10
696,marchin,Quercus,alba,bbd,2013.0,79.0,,,,,10
697,marchin,Quercus,alba,bbd,2013.0,79.0,,,,,10
698,marchin,Quercus,alba,bbd,2013.0,79.0,,,,,10
699,marchin,Quercus,alba,bbd,2013.0,79.0,,,,,10
700,marchin,Quercus,alba,bbd,2013.0,79.0,,,,,10
701,marchin,Quercus,alba,bbd,2013.0,79.0,,,,,10
702,marchin,Quercus,alba,bbd,2013.0,76.0,,,,,10
703,marchin,Quercus,alba,bbd,2013.0,79.0,,,,,10
704,marchin,Quercus,alba,bbd,2013.0,84.0,,,,,10
705,marchin,Quercus,alba,bbd,2013.0,84.0,,,,,10
706,marchin,Quercus,rubra,bbd,2013.0,96.0,,,,,10
707,marchin,Vaccinium,stamineum,bbd,2013.0,92.0,,,,,10
708,marchin,Vaccinium,stamineum,bbd,2013.0,92.0,,,,,10
709,marchin,Vaccinium,stamineum,bbd,2013.0,92.0,,,,,10
710,marchin,Vaccinium,stamineum,bbd,2013.0,92.0,,,,,10
711,marchin,Vaccinium,stamineum,bbd,2013.0,92.0,,,,,10
712,marchin,Vaccinium,stamineum,bbd,2013.0,92.0,,,,,10
713,marchin,Vaccinium,stamineum,bbd,2013.0,92.0,,,,,10
714,marchin,Vaccinium,stamineum,bbd,2013.0,92.0,,,,,10
715,marchin,Vaccinium,stamineum,bbd,2013.0,92.0,,,,,10
716,marchin,Vaccinium,stamineum,bbd,2013.0,92.0,,,,,10
717,marchin,Acer,rubrum,bbd,2013.0,92.0,,,,,11
718,marchin,Acer,rubrum,bbd,2013.0,96.0,,,,,11
719,marchin,Acer,rubrum,bbd,2013.0,96.0,,,,,11
720,marchin,Acer,rubrum,bbd,2013.0,89.0,,,,,11
721,marchin,Acer,rubrum,bbd,2013.0,99.0,,,,,11
722,marchin,Acer,rubrum,bbd,2013.0,89.0,,,,,11
723,marchin,Acer,rubrum,bbd,2013.0,96.0,,,,,11
724,marchin,Acer,rubrum,bbd,2013.0,92.0,,,,,11
725,marchin,Acer,rubrum,bbd,2013.0,89.0,,,,,11
726,marchin,Acer,rubrum,bbd,2013.0,90.0,,,,,11
727,marchin,Carya,tomentosa,bbd,2013.0,99.0,,,,,11
728,marchin,Carya,tomentosa,bbd,2013.0,99.0,,,,,11
729,marchin,Carya,tomentosa,bbd,2013.0,101.0,,,,,11
730,marchin,Carya,tomentosa,bbd,2013.0,101.0,,,,,11
731,marchin,Carya,tomentosa,bbd,2013.0,99.0,,,,,11
732,marchin,Carya,tomentosa,bbd,2013.0,99.0,,,,,11
733,marchin,Quercus,alba,bbd,2013.0,84.0,,,,,11
734,marchin,Quercus,alba,bbd,2013.0,84.0,,,,,11
735,marchin,Quercus,alba,bbd,2013.0,89.0,,,,,11
736,marchin,Quercus,alba,bbd,2013.0,84.0,,,,,11
737,marchin,Quercus,alba,bbd,2013.0,96.0,,,,,11
738,marchin,Quercus,alba,bbd,2013.0,84.0,,,,,11
739,marchin,Quercus,alba,bbd,2013.0,79.0,,,,,11
740,marchin,Quercus,alba,bbd,2013.0,84.0,,,,,11
741,marchin,Quercus,alba,bbd,2013.0,84.0,,,,,11
742,marchin,Quercus,alba,bbd,2013.0,89.0,,,,,11
743,marchin,Quercus,rubra,bbd,2013.0,99.0,,,,,11
744,marchin,Vaccinium,pallidum,bbd,2013.0,95.0,,,,,11
745,marchin,Vaccinium,pallidum,bbd,2013.0,96.0,,,,,11
746,marchin,Vaccinium,pallidum,bbd,2013.0,101.0,,,,,11
747,marchin,Vaccinium,pallidum,bbd,2013.0,95.0,,,,,11
748,marchin,Vaccinium,pallidum,bbd,2013.0,96.0,,,,,11
749,marchin,Vaccinium,pallidum,bbd,2013.0,96.0,,,,,11
750,marchin,Vaccinium,pallidum,bbd,2013.0,96.0,,,,,11
751,marchin,Vaccinium,pallidum,bbd,2013.0,96.0,,,,,11
752,marchin,Vaccinium,pallidum,bbd,2013.0,92.0,,,,,11
753,marchin,Vaccinium,pallidum,bbd,2013.0,96.0,,,,,11
754,marchin,Acer,rubrum,bbd,2013.0,79.0,,,,,12
755,marchin,Acer,rubrum,bbd,2013.0,96.0,,,,,12
756,marchin,Acer,rubrum,bbd,2013.0,89.0,,,,,12
757,marchin,Acer,rubrum,bbd,2013.0,89.0,,,,,12
758,marchin,Acer,rubrum,bbd,2013.0,96.0,,,,,12
759,marchin,Acer,rubrum,bbd,2013.0,99.0,,,,,12
760,marchin,Acer,rubrum,bbd,2013.0,89.0,,,,,12
761,marchin,Acer,rubrum,bbd,2013.0,96.0,,,,,12
762,marchin,Acer,rubrum,bbd,2013.0,96.0,,,,,12
763,marchin,Acer,rubrum,bbd,2013.0,97.0,,,,,12
764,marchin,Carya,tomentosa,bbd,2013.0,79.0,,,,,12
765,marchin,Carya,tomentosa,bbd,2013.0,92.0,,,,,12
766,marchin,Carya,tomentosa,bbd,2013.0,99.0,,,,,12
767,marchin,Carya,tomentosa,bbd,2013.0,89.0,,,,,12
768,marchin,Carya,tomentosa,bbd,2013.0,92.0,,,,,12
769,marchin,Carya,tomentosa,bbd,2013.0,101.0,,,,,12
770,marchin,Carya,tomentosa,bbd,2013.0,96.0,,,,,12
771,marchin,Carya,tomentosa,bbd,2013.0,89.0,,,,,12
772,marchin,Carya,tomentosa,bbd,2013.0,99.0,,,,,12
773,marchin,Carya,tomentosa,bbd,2013.0,96.0,,,,,12
774,marchin,Carya,tomentosa,bbd,2013.0,89.0,,,,,12
775,marchin,Carya,tomentosa,bbd,2013.0,89.0,,,,,12
776,marchin,Quercus,alba,bbd,2013.0,79.0,,,,,12
777,marchin,Quercus,alba,bbd,2013.0,79.0,,,,,12
778,marchin,Quercus,alba,bbd,2013.0,76.0,,,,,12
779,marchin,Quercus,alba,bbd,2013.0,89.0,,,,,12
780,marchin,Quercus,alba,bbd,2013.0,84.0,,,,,12
781,marchin,Quercus,alba,bbd,2013.0,92.0,,,,,12
782,marchin,Quercus,alba,bbd,2013.0,84.0,,,,,12
783,marchin,Quercus,alba,bbd,2013.0,79.0,,,,,12
784,marchin,Quercus,alba,bbd,2013.0,89.0,,,,,12
785,marchin,Quercus,rubra,bbd,2013.0,92.0,,,,,12
786,marchin,Quercus,rubra,bbd,2013.0,99.0,,,,,12
787,marchin,Quercus,rubra,bbd,2013.0,99.0,,,,,12
788,marchin,Vaccinium,pallidum,bbd,2013.0,89.0,,,,,12
789,marchin,Vaccinium,pallidum,bbd,2013.0,99.0,,,,,12
790,marchin,Vaccinium,pallidum,bbd,2013.0,99.0,,,,,12
791,marchin,Vaccinium,pallidum,bbd,2013.0,96.0,,,,,12
792,marchin,Vaccinium,pallidum,bbd,2013.0,98.0,,,,,12
793,marchin,Vaccinium,pallidum,bbd,2013.0,97.0,,,,,12
794,marchin,Vaccinium,pallidum,bbd,2013.0,98.0,,,,,12
795,marchin,Vaccinium,pallidum,bbd,2013.0,96.0,,,,,12
796,marchin,Vaccinium,pallidum,bbd,2013.0,98.0,,,,,12
797,marchin,Vaccinium,pallidum,bbd,2013.0,96.0,,,,,12
798,marchin,Vaccinium,stamineum,bbd,2013.0,99.0,,,,,12
799,marchin,Vaccinium,stamineum,bbd,2013.0,102.0,,,,,12
800,marchin,Vaccinium,stamineum,bbd,2013.0,102.0,,,,,12
801,marchin,Vaccinium,stamineum,bbd,2013.0,102.0,,,,,12
802,marchin,Vaccinium,stamineum,bbd,2013.0,102.0,,,,,12
803,marchin,Vaccinium,stamineum,bbd,2013.0,102.0,,,,,12
804,marchin,Vaccinium,stamineum,bbd,2013.0,96.0,,,,,12
805,marchin,Acer,rubrum,bbd,2013.0,99.0,,,,,OUT
806,marchin,Acer,rubrum,bbd,2013.0,99.0,,,,,OUT
807,marchin,Acer,rubrum,bbd,2013.0,99.0,,,,,OUT
808,marchin,Acer,rubrum,bbd,2013.0,99.0,,,,,OUT
809,marchin,Acer,rubrum,bbd,2013.0,94.0,,,,,OUT
810,marchin,Acer,rubrum,bbd,2013.0,99.0,,,,,OUT
811,marchin,Acer,rubrum,bbd,2013.0,99.0,,,,,OUT
812,marchin,Acer,rubrum,bbd,2013.0,96.0,,,,,OUT
813,marchin,Acer,rubrum,bbd,2013.0,96.0,,,,,OUT
814,marchin,Acer,rubrum,bbd,2013.0,96.0,,,,,OUT
815,marchin,Carya,tomentosa,bbd,2013.0,102.0,,,,,OUT
816,marchin,Carya,tomentosa,bbd,2013.0,99.0,,,,,OUT
817,marchin,Carya,tomentosa,bbd,2013.0,99.0,,,,,OUT
818,marchin,Carya,tomentosa,bbd,2013.0,99.0,,,,,OUT
819,marchin,Carya,tomentosa,bbd,2013.0,97.0,,,,,OUT
820,marchin,Carya,tomentosa,bbd,2013.0,103.0,,,,,OUT
821,marchin,Carya,tomentosa,bbd,2013.0,102.0,,,,,OUT
822,marchin,Carya,tomentosa,bbd,2013.0,96.0,,,,,OUT
823,marchin,Carya,tomentosa,bbd,2013.0,99.0,,,,,OUT
824,marchin,Carya,tomentosa,bbd,2013.0,101.0,,,,,OUT
825,marchin,Carya,tomentosa,bbd,2013.0,99.0,,,,,OUT
826,marchin,Quercus,rubra,bbd,2013.0,99.0,,,,,OUT
827,marchin,Quercus,rubra,bbd,2013.0,99.0,,,,,OUT
828,marchin,Quercus,rubra,bbd,2013.0,96.0,,,,,OUT
829,marchin,Vaccinium,pallidum,bbd,2013.0,102.0,,,,,OUT
830,marchin,Vaccinium,pallidum,bbd,2013.0,103.0,,,,,OUT
831,marchin,Vaccinium,pallidum,bbd,2013.0,99.0,,,,,OUT
832,marchin,Vaccinium,pallidum,bbd,2013.0,96.0,,,,,OUT
833,marchin,Vaccinium,pallidum,bbd,2013.0,96.0,,,,,OUT
834,marchin,Vaccinium,pallidum,bbd,2013.0,96.0,,,,,OUT
835,marchin,Vaccinium,pallidum,bbd,2013.0,99.0,,,,,OUT
836,marchin,Vaccinium,pallidum,bbd,2013.0,99.0,,,,,OUT
837,marchin,Vaccinium,pallidum,bbd,2013.0,96.0,,,,,OUT
838,marchin,Vaccinium,pallidum,bbd,2013.0,97.0,,,,,OUT
839,marchin,Vaccinium,stamineum,bbd,2013.0,96.0,,,,,OUT
840,marchin,Vaccinium,stamineum,bbd,2013.0,99.0,,,,,OUT
841,marchin,Vaccinium,stamineum,bbd,2013.0,99.0,,,,,OUT
842,marchin,Vaccinium,stamineum,bbd,2013.0,103.0,,,,,OUT
843,marchin,Vaccinium,stamineum,bbd,2013.0,101.0,,,,,OUT
844,marchin,Vaccinium,stamineum,bbd,2013.0,99.0,,,,,OUT
845,marchin,Vaccinium,stamineum,bbd,2013.0,99.0,,,,,OUT
846,marchin,Vaccinium,stamineum,bbd,2013.0,96.0,,,,,OUT
847,marchin,Vaccinium,stamineum,bbd,2013.0,96.0,,,,,OUT
848,marchin,Vaccinium,stamineum,bbd,2013.0,96.0,,,,,OUT
849,marchin,Chimaphila,maculata,ffd,2011.0,125.0,,,,,3
850,marchin,Chimaphila,maculata,ffd,2011.0,141.0,,,,,4
851,marchin,Chimaphila,maculata,ffd,2011.0,154.0,,,,,5
852,marchin,Chimaphila,maculata,ffd,2011.0,130.0,,,,,12
853,marchin,Chimaphila,maculata,ffd,2011.0,130.0,,,,,12
854,marchin,Chimaphila,maculata,ffd,2011.0,154.0,,,,,OUT
855,marchin,Chimaphila,maculata,ffd,2011.0,154.0,,,,,OUT
856,marchin,Chimaphila,maculata,ffd,2011.0,154.0,,,,,OUT
857,marchin,Chimaphila,maculata,ffd,2011.0,162.0,,,,,OUT
858,marchin,Hexastylis,arifolia,ffd,2011.0,92.0,,,,,3
859,marchin,Hexastylis,arifolia,ffd,2011.0,96.0,,,,,4
860,marchin,Hexastylis,arifolia,ffd,2011.0,92.0,,,,,5
861,marchin,Hexastylis,arifolia,ffd,2011.0,104.0,,,,,5
862,marchin,Hexastylis,arifolia,ffd,2011.0,88.0,,,,,6
863,marchin,Hexastylis,arifolia,ffd,2011.0,92.0,,,,,10
864,marchin,Hieracium,venosum,ffd,2011.0,116.0,,,,,6
865,marchin,Hieracium,venosum,ffd,2011.0,107.0,,,,,8
866,marchin,Hieracium,venosum,ffd,2011.0,111.0,,,,,8
867,marchin,Hieracium,venosum,ffd,2011.0,121.0,,,,,8
868,marchin,Hieracium,venosum,ffd,2011.0,129.0,,,,,10
869,marchin,Hieracium,venosum,ffd,2011.0,104.0,,,,,12
870,marchin,Hieracium,venosum,ffd,2011.0,111.0,,,,,12
871,marchin,Hieracium,venosum,ffd,2011.0,111.0,,,,,12
872,marchin,Hieracium,venosum,ffd,2011.0,121.0,,,,,12
873,marchin,Hieracium,venosum,ffd,2011.0,116.0,,,,,OUT
874,marchin,Hieracium,venosum,ffd,2011.0,116.0,,,,,OUT
875,marchin,Hieracium,venosum,ffd,2011.0,116.0,,,,,OUT
876,marchin,Hieracium,venosum,ffd,2011.0,121.0,,,,,OUT
877,marchin,Hieracium,venosum,ffd,2011.0,121.0,,,,,OUT
878,marchin,Hieracium,venosum,ffd,2011.0,125.0,,,,,OUT
879,marchin,Hieracium,venosum,ffd,2011.0,125.0,,,,,OUT
880,marchin,Hieracium,venosum,ffd,2011.0,125.0,,,,,OUT
881,marchin,Hieracium,venosum,ffd,2011.0,129.0,,,,,OUT
882,marchin,Hieracium,venosum,ffd,2011.0,129.0,,,,,OUT
883,marchin,Hieracium,venosum,ffd,2011.0,132.0,,,,,OUT
884,marchin,Hieracium,venosum,ffd,2011.0,132.0,,,,,OUT
885,marchin,Thalictrum,thalictroides,ffd,2011.0,83.0,,,,,4
886,marchin,Thalictrum,thalictroides,ffd,2011.0,83.0,,,,,4
887,marchin,Thalictrum,thalictroides,ffd,2011.0,79.0,,,,,6
888,marchin,Thalictrum,thalictroides,ffd,2011.0,83.0,,,,,6
889,marchin,Thalictrum,thalictroides,ffd,2011.0,83.0,,,,,6
890,marchin,Thalictrum,thalictroides,ffd,2011.0,88.0,,,,,6
891,marchin,Thalictrum,thalictroides,ffd,2011.0,79.0,,,,,8
892,marchin,Thalictrum,thalictroides,ffd,2011.0,79.0,,,,,8
893,marchin,Thalictrum,thalictroides,ffd,2011.0,83.0,,,,,8
894,marchin,Thalictrum,thalictroides,ffd,2011.0,83.0,,,,,8
895,marchin,Thalictrum,thalictroides,ffd,2011.0,88.0,,,,,8
896,marchin,Thalictrum,thalictroides,ffd,2011.0,79.0,,,,,10
897,marchin,Thalictrum,thalictroides,ffd,2011.0,79.0,,,,,10
898,marchin,Thalictrum,thalictroides,ffd,2011.0,79.0,,,,,10
899,marchin,Thalictrum,thalictroides,ffd,2011.0,79.0,,,,,10
900,marchin,Thalictrum,thalictroides,ffd,2011.0,79.0,,,,,10
901,marchin,Thalictrum,thalictroides,ffd,2011.0,79.0,,,,,10
902,marchin,Thalictrum,thalictroides,ffd,2011.0,79.0,,,,,OUT
903,marchin,Thalictrum,thalictroides,ffd,2011.0,79.0,,,,,OUT
904,marchin,Thalictrum,thalictroides,ffd,2011.0,79.0,,,,,OUT
905,marchin,Thalictrum,thalictroides,ffd,2011.0,83.0,,,,,OUT
906,marchin,Thalictrum,thalictroides,ffd,2011.0,83.0,,,,,OUT
907,marchin,Thalictrum,thalictroides,ffd,2011.0,83.0,,,,,OUT
908,marchin,Thalictrum,thalictroides,ffd,2011.0,83.0,,,,,OUT
909,marchin,Tipularia,discolor,ffd,2011.0,216.0,,,,,4
910,marchin,Tipularia,discolor,ffd,2011.0,217.0,,,,,4
911,marchin,Tipularia,discolor,ffd,2011.0,219.0,,,,,4
912,marchin,Tipularia,discolor,ffd,2011.0,223.0,,,,,4
913,marchin,Tipularia,discolor,ffd,2011.0,222.0,,,,,7
914,marchin,Tipularia,discolor,ffd,2011.0,204.0,,,,,OUT
915,marchin,Tipularia,discolor,ffd,2011.0,205.0,,,,,OUT
916,marchin,Tipularia,discolor,ffd,2011.0,208.0,,,,,OUT
917,marchin,Tipularia,discolor,ffd,2011.0,208.0,,,,,OUT
918,marchin,Tipularia,discolor,ffd,2011.0,209.0,,,,,OUT
919,marchin,Tipularia,discolor,ffd,2011.0,210.0,,,,,OUT
920,marchin,Tipularia,discolor,ffd,2011.0,210.0,,,,,OUT
921,marchin,Tipularia,discolor,ffd,2011.0,210.0,,,,,OUT
922,marchin,Tipularia,discolor,ffd,2011.0,210.0,,,,,OUT
923,marchin,Tipularia,discolor,ffd,2011.0,211.0,,,,,OUT
924,marchin,Tipularia,discolor,ffd,2011.0,213.0,,,,,OUT
925,marchin,Vaccinium,pallidum,ffd,2011.0,100.0,,,,,6
926,marchin,Vaccinium,pallidum,ffd,2011.0,100.0,,,,,7
927,marchin,Vaccinium,pallidum,ffd,2011.0,104.0,,,,,7
928,marchin,Vaccinium,pallidum,ffd,2011.0,104.0,,,,,7
929,marchin,Vaccinium,pallidum,ffd,2011.0,105.0,,,,,11
930,marchin,Vaccinium,pallidum,ffd,2011.0,100.0,,,,,OUT
931,marchin,Vaccinium,pallidum,ffd,2011.0,104.0,,,,,OUT
932,marchin,Vaccinium,pallidum,ffd,2011.0,104.0,,,,,OUT
933,marchin,Vaccinium,pallidum,ffd,2011.0,104.0,,,,,OUT
934,marchin,Vaccinium,pallidum,ffd,2011.0,107.0,,,,,OUT
935,marchin,Vaccinium,pallidum,ffd,2011.0,111.0,,,,,OUT
936,marchin,Vaccinium,pallidum,ffd,2011.0,111.0,,,,,OUT
937,marchin,Vaccinium,stamineum,ffd,2011.0,107.0,,,,,5
938,marchin,Vaccinium,stamineum,ffd,2011.0,111.0,,,,,5
939,marchin,Vaccinium,stamineum,ffd,2011.0,111.0,,,,,6
940,marchin,Vaccinium,stamineum,ffd,2011.0,111.0,,,,,6
941,marchin,Vaccinium,stamineum,ffd,2011.0,96.0,,,,,10
942,marchin,Vaccinium,stamineum,ffd,2011.0,96.0,,,,,10
943,marchin,Vaccinium,stamineum,ffd,2011.0,97.0,,,,,10
944,marchin,Vaccinium,stamineum,ffd,2011.0,100.0,,,,,10
945,marchin,Vaccinium,stamineum,ffd,2011.0,101.0,,,,,10
946,marchin,Vaccinium,stamineum,ffd,2011.0,101.0,,,,,10
947,marchin,Vaccinium,stamineum,ffd,2011.0,101.0,,,,,10
948,marchin,Vaccinium,stamineum,ffd,2011.0,104.0,,,,,10
949,marchin,Vaccinium,stamineum,ffd,2011.0,104.0,,,,,10
950,marchin,Vaccinium,stamineum,ffd,2011.0,105.0,,,,,10
951,marchin,Vaccinium,stamineum,ffd,2011.0,104.0,,,,,12
952,marchin,Vaccinium,stamineum,ffd,2011.0,105.0,,,,,12
953,marchin,Vaccinium,stamineum,ffd,2011.0,111.0,,,,,12
954,marchin,Vaccinium,stamineum,ffd,2011.0,105.0,,,,,OUT
955,marchin,Vaccinium,stamineum,ffd,2011.0,107.0,,,,,OUT
956,marchin,Vaccinium,stamineum,ffd,2011.0,107.0,,,,,OUT
957,marchin,Vaccinium,stamineum,ffd,2011.0,108.0,,,,,OUT
958,marchin,Vaccinium,stamineum,ffd,2011.0,108.0,,,,,OUT
959,marchin,Vaccinium,stamineum,ffd,2011.0,111.0,,,,,OUT
960,marchin,Vaccinium,stamineum,ffd,2011.0,111.0,,,,,OUT
961,marchin,Vaccinium,stamineum,ffd,2011.0,111.0,,,,,OUT
962,marchin,Vaccinium,stamineum,ffd,2011.0,111.0,,,,,OUT
963,marchin,Vaccinium,stamineum,ffd,2011.0,111.0,,,,,OUT
964,marchin,Chimaphila,maculata,ffd,2013.0,153.0,,,,,4
965,marchin,Chimaphila,maculata,ffd,2013.0,153.0,,,,,5
966,marchin,Chimaphila,maculata,ffd,2013.0,157.0,,,,,6
967,marchin,Chimaphila,maculata,ffd,2013.0,153.0,,,,,7
968,marchin,Chimaphila,maculata,ffd,2013.0,153.0,,,,,OUT
969,marchin,Chimaphila,maculata,ffd,2013.0,157.0,,,,,OUT
970,marchin,Chimaphila,maculata,ffd,2013.0,157.0,,,,,OUT
971,marchin,Chimaphila,maculata,ffd,2013.0,157.0,,,,,OUT
972,marchin,Chimaphila,maculata,ffd,2013.0,157.0,,,,,OUT
973,marchin,Chimaphila,maculata,ffd,2013.0,160.0,,,,,OUT
974,marchin,Chimaphila,maculata,ffd,2013.0,161.0,,,,,OUT
975,marchin,Chimaphila,maculata,ffd,2013.0,163.0,,,,,OUT
976,marchin,Chimaphila,maculata,ffd,2013.0,165.0,,,,,OUT
977,marchin,Hexastylis,arifolia,ffd,2013.0,103.0,,,,,4
978,marchin,Hexastylis,arifolia,ffd,2013.0,116.0,,,,,5
979,marchin,Hexastylis,arifolia,ffd,2013.0,116.0,,,,,5
980,marchin,Hexastylis,arifolia,ffd,2013.0,116.0,,,,,5
981,marchin,Hexastylis,arifolia,ffd,2013.0,116.0,,,,,6
982,marchin,Hexastylis,arifolia,ffd,2013.0,116.0,,,,,7
983,marchin,Hexastylis,arifolia,ffd,2013.0,116.0,,,,,10
984,marchin,Hexastylis,arifolia,ffd,2013.0,116.0,,,,,10
985,marchin,Hexastylis,arifolia,ffd,2013.0,116.0,,,,,11
986,marchin,Hexastylis,arifolia,ffd,2013.0,116.0,,,,,11
987,marchin,Hieracium,venosum,ffd,2013.0,116.0,,,,,6
988,marchin,Hieracium,venosum,ffd,2013.0,151.0,,,,,6
989,marchin,Hieracium,venosum,ffd,2013.0,130.0,,,,,10
990,marchin,Hieracium,venosum,ffd,2013.0,130.0,,,,,10
991,marchin,Hieracium,venosum,ffd,2013.0,116.0,,,,,12
992,marchin,Hieracium,venosum,ffd,2013.0,123.0,,,,,12
993,marchin,Hieracium,venosum,ffd,2013.0,130.0,,,,,12
994,marchin,Hieracium,venosum,ffd,2013.0,116.0,,,,,OUT
995,marchin,Hieracium,venosum,ffd,2013.0,116.0,,,,,OUT
996,marchin,Hieracium,venosum,ffd,2013.0,116.0,,,,,OUT
997,marchin,Hieracium,venosum,ffd,2013.0,123.0,,,,,OUT
998,marchin,Hieracium,venosum,ffd,2013.0,123.0,,,,,OUT
999,marchin,Hieracium,venosum,ffd,2013.0,123.0,,,,,OUT
1000,marchin,Hieracium,venosum,ffd,2013.0,130.0,,,,,OUT
1001,marchin,Hieracium,venosum,ffd,2013.0,130.0,,,,,OUT
1002,marchin,Hieracium,venosum,ffd,2013.0,137.0,,,,,OUT
1003,marchin,Hieracium,venosum,ffd,2013.0,137.0,,,,,OUT
1004,marchin,Tipularia,discolor,ffd,2013.0,221.0,,,,,2
1005,marchin,Tipularia,discolor,ffd,2013.0,234.0,,,,,3
1006,marchin,Tipularia,discolor,ffd,2013.0,228.0,,,,,3
1007,marchin,Tipularia,discolor,ffd,2013.0,228.0,,,,,3
1008,marchin,Tipularia,discolor,ffd,2013.0,228.0,,,,,3
1009,marchin,Tipularia,discolor,ffd,2013.0,214.0,,,,,4
1010,marchin,Tipularia,discolor,ffd,2013.0,214.0,,,,,4
1011,marchin,Tipularia,discolor,ffd,2013.0,221.0,,,,,4
1012,marchin,Tipularia,discolor,ffd,2013.0,228.0,,,,,4
1013,marchin,Tipularia,discolor,ffd,2013.0,221.0,,,,,4
1014,marchin,Tipularia,discolor,ffd,2013.0,214.0,,,,,6
1015,marchin,Tipularia,discolor,ffd,2013.0,221.0,,,,,7
1016,marchin,Tipularia,discolor,ffd,2013.0,228.0,,,,,7
1017,marchin,Tipularia,discolor,ffd,2013.0,228.0,,,,,7
1018,marchin,Tipularia,discolor,ffd,2013.0,221.0,,,,,7
1019,marchin,Tipularia,discolor,ffd,2013.0,221.0,,,,,7
1020,marchin,Tipularia,discolor,ffd,2013.0,221.0,,,,,7
1021,marchin,Tipularia,discolor,ffd,2013.0,214.0,,,,,11
1022,marchin,Tipularia,discolor,ffd,2013.0,221.0,,,,,11
1023,marchin,Tipularia,discolor,ffd,2013.0,221.0,,,,,11
1024,marchin,Tipularia,discolor,ffd,2013.0,221.0,,,,,11
1025,marchin,Tipularia,discolor,ffd,2013.0,221.0,,,,,11
1026,marchin,Tipularia,discolor,ffd,2013.0,214.0,,,,,12
1027,marchin,Tipularia,discolor,ffd,2013.0,214.0,,,,,12
1028,marchin,Tipularia,discolor,ffd,2013.0,207.0,,,,,12
1029,marchin,Tipularia,discolor,ffd,2013.0,214.0,,,,,12
1030,marchin,Tipularia,discolor,ffd,2013.0,214.0,,,,,12
1031,marchin,Tipularia,discolor,ffd,2013.0,221.0,,,,,12
1032,marchin,Tipularia,discolor,ffd,2013.0,214.0,,,,,12
1033,marchin,Tipularia,discolor,ffd,2013.0,214.0,,,,,12
1034,marchin,Tipularia,discolor,ffd,2013.0,214.0,,,,,OUT
1035,marchin,Tipularia,discolor,ffd,2013.0,221.0,,,,,OUT
1036,marchin,Tipularia,discolor,ffd,2013.0,214.0,,,,,OUT
1037,marchin,Tipularia,discolor,ffd,2013.0,207.0,,,,,OUT
1038,marchin,Tipularia,discolor,ffd,2013.0,214.0,,,,,OUT
1039,marchin,Tipularia,discolor,ffd,2013.0,214.0,,,,,OUT
1040,marchin,Tipularia,discolor,ffd,2013.0,214.0,,,,,OUT
1041,marchin,Tipularia,discolor,ffd,2013.0,221.0,,,,,OUT
1042,marchin,Tipularia,discolor,ffd,2013.0,221.0,,,,,OUT
1043,marchin,Thalictrum,thalictroides,ffd,2013.0,103.0,,,,,4
1044,marchin,Thalictrum,thalictroides,ffd,2013.0,103.0,,,,,6
1045,marchin,Thalictrum,thalictroides,ffd,2013.0,103.0,,,,,6
1046,marchin,Thalictrum,thalictroides,ffd,2013.0,108.0,,,,,6
1047,marchin,Thalictrum,thalictroides,ffd,2013.0,96.0,,,,,8
1048,marchin,Thalictrum,thalictroides,ffd,2013.0,96.0,,,,,8
1049,marchin,Thalictrum,thalictroides,ffd,2013.0,96.0,,,,,8
1050,marchin,Thalictrum,thalictroides,ffd,2013.0,103.0,,,,,8
1051,marchin,Thalictrum,thalictroides,ffd,2013.0,79.0,,,,,10
1052,marchin,Thalictrum,thalictroides,ffd,2013.0,84.0,,,,,10
1053,marchin,Thalictrum,thalictroides,ffd,2013.0,89.0,,,,,10
1054,marchin,Thalictrum,thalictroides,ffd,2013.0,89.0,,,,,10
1055,marchin,Thalictrum,thalictroides,ffd,2013.0,89.0,,,,,10
1056,marchin,Thalictrum,thalictroides,ffd,2013.0,79.0,,,,,OUT
1057,marchin,Thalictrum,thalictroides,ffd,2013.0,79.0,,,,,OUT
1058,marchin,Thalictrum,thalictroides,ffd,2013.0,79.0,,,,,OUT
1059,marchin,Thalictrum,thalictroides,ffd,2013.0,89.0,,,,,OUT
1060,marchin,Thalictrum,thalictroides,ffd,2013.0,89.0,,,,,OUT
1061,marchin,Thalictrum,thalictroides,ffd,2013.0,96.0,,,,,OUT
1062,marchin,Thalictrum,thalictroides,ffd,2013.0,96.0,,,,,OUT
1063,marchin,Thalictrum,thalictroides,ffd,2013.0,96.0,,,,,OUT
1064,marchin,Thalictrum,thalictroides,ffd,2013.0,103.0,,,,,OUT
1065,marchin,Thalictrum,thalictroides,ffd,2013.0,103.0,,,,,OUT
1066,marchin,Vaccinium,pallidum,ffd,2013.0,108.0,,,,,4
1067,marchin,Vaccinium,pallidum,ffd,2013.0,108.0,,,,,4
1068,marchin,Vaccinium,pallidum,ffd,2013.0,108.0,,,,,4
1069,marchin,Vaccinium,pallidum,ffd,2013.0,108.0,,,,,4
1070,marchin,Vaccinium,pallidum,ffd,2013.0,103.0,,,,,5
1071,marchin,Vaccinium,pallidum,ffd,2013.0,103.0,,,,,5
1072,marchin,Vaccinium,pallidum,ffd,2013.0,103.0,,,,,5
1073,marchin,Vaccinium,pallidum,ffd,2013.0,103.0,,,,,6
1074,marchin,Vaccinium,pallidum,ffd,2013.0,103.0,,,,,7
1075,marchin,Vaccinium,pallidum,ffd,2013.0,103.0,,,,,7
1076,marchin,Vaccinium,pallidum,ffd,2013.0,108.0,,,,,7
1077,marchin,Vaccinium,pallidum,ffd,2013.0,108.0,,,,,7
1078,marchin,Vaccinium,pallidum,ffd,2013.0,108.0,,,,,7
1079,marchin,Vaccinium,pallidum,ffd,2013.0,108.0,,,,,7
1080,marchin,Vaccinium,pallidum,ffd,2013.0,108.0,,,,,7
1081,marchin,Vaccinium,pallidum,ffd,2013.0,108.0,,,,,7
1082,marchin,Vaccinium,pallidum,ffd,2013.0,116.0,,,,,7
1083,marchin,Vaccinium,pallidum,ffd,2013.0,116.0,,,,,7
1084,marchin,Vaccinium,pallidum,ffd,2013.0,108.0,,,,,11
1085,marchin,Vaccinium,pallidum,ffd,2013.0,108.0,,,,,11
1086,marchin,Vaccinium,pallidum,ffd,2013.0,108.0,,,,,11
1087,marchin,Vaccinium,pallidum,ffd,2013.0,108.0,,,,,11
1088,marchin,Vaccinium,pallidum,ffd,2013.0,108.0,,,,,11
1089,marchin,Vaccinium,pallidum,ffd,2013.0,108.0,,,,,11
1090,marchin,Vaccinium,pallidum,ffd,2013.0,108.0,,,,,OUT
1091,marchin,Vaccinium,pallidum,ffd,2013.0,108.0,,,,,OUT
1092,marchin,Vaccinium,pallidum,ffd,2013.0,108.0,,,,,OUT
1093,marchin,Vaccinium,pallidum,ffd,2013.0,108.0,,,,,OUT
1094,marchin,Vaccinium,pallidum,ffd,2013.0,108.0,,,,,OUT
1095,marchin,Vaccinium,pallidum,ffd,2013.0,108.0,,,,,OUT
1096,marchin,Vaccinium,pallidum,ffd,2013.0,108.0,,,,,OUT
1097,marchin,Vaccinium,pallidum,ffd,2013.0,110.0,,,,,OUT
1098,marchin,Vaccinium,pallidum,ffd,2013.0,116.0,,,,,OUT
1099,marchin,Vaccinium,pallidum,ffd,2013.0,123.0,,,,,OUT
1100,marchin,Vaccinium,stamineum,ffd,2013.0,123.0,,,,,4
1101,marchin,Vaccinium,stamineum,ffd,2013.0,123.0,,,,,4
1102,marchin,Vaccinium,stamineum,ffd,2013.0,123.0,,,,,5
1103,marchin,Vaccinium,stamineum,ffd,2013.0,123.0,,,,,6
1104,marchin,Vaccinium,stamineum,ffd,2013.0,123.0,,,,,6
1105,marchin,Vaccinium,stamineum,ffd,2013.0,108.0,,,,,10
1106,marchin,Vaccinium,stamineum,ffd,2013.0,108.0,,,,,10
1107,marchin,Vaccinium,stamineum,ffd,2013.0,108.0,,,,,10
1108,marchin,Vaccinium,stamineum,ffd,2013.0,108.0,,,,,10
1109,marchin,Vaccinium,stamineum,ffd,2013.0,111.0,,,,,10
1110,marchin,Vaccinium,stamineum,ffd,2013.0,111.0,,,,,10
1111,marchin,Vaccinium,stamineum,ffd,2013.0,111.0,,,,,10
1112,marchin,Vaccinium,stamineum,ffd,2013.0,116.0,,,,,10
1113,marchin,Vaccinium,stamineum,ffd,2013.0,116.0,,,,,10
1114,marchin,Vaccinium,stamineum,ffd,2013.0,116.0,,,,,12
1115,marchin,Vaccinium,stamineum,ffd,2013.0,116.0,,,,,12
1116,marchin,Vaccinium,stamineum,ffd,2013.0,123.0,,,,,12
1117,marchin,Vaccinium,stamineum,ffd,2013.0,123.0,,,,,12
1118,marchin,Vaccinium,stamineum,ffd,2013.0,130.0,,,,,12
1119,marchin,Vaccinium,stamineum,ffd,2013.0,123.0,,,,,OUT
1120,marchin,Vaccinium,stamineum,ffd,2013.0,123.0,,,,,OUT
1121,marchin,Vaccinium,stamineum,ffd,2013.0,123.0,,,,,OUT
1122,marchin,Vaccinium,stamineum,ffd,2013.0,123.0,,,,,OUT
1123,marchin,Vaccinium,stamineum,ffd,2013.0,123.0,,,,,OUT
1124,marchin,Vaccinium,stamineum,ffd,2013.0,123.0,,,,,OUT
1125,marchin,Vaccinium,stamineum,ffd,2013.0,123.0,,,,,OUT
1126,marchin,Vaccinium,stamineum,ffd,2013.0,123.0,,,,,OUT
1127,marchin,Vaccinium,stamineum,ffd,2013.0,123.0,,,,,OUT
1128,marchin,Vaccinium,stamineum,ffd,2013.0,125.0,,,,,OUT
