"","V1","V2","V3","V4","V5","V6"
"61780","mohonk","Hepatica","acutiloba","ffd",1928,117
"61781","mohonk","Amelanchier","arborea","ffd",1930,123
"61782","mohonk","Amelanchier","arborea","ffd",1931,112
"61783","mohonk","Cornus","florida","ffd",1931,126
"61784","mohonk","Hepatica","acutiloba","ffd",1931,124
"61785","mohonk","Kalmia","latifolia","ffd",1931,160
"61786","mohonk","Polygala","paucifolia","ffd",1931,137
"61787","mohonk","Rhododendron","nudiflorum","ffd",1931,128
"61788","mohonk","Rhododendron","indicum","ffd",1931,184
"61789","mohonk","Sanguinaria","canadensis","ffd",1931,107
"61790","mohonk","Trillium","erectum","ffd",1931,121
"61791","mohonk","Viburnum","lantanoides","ffd",1931,115
"61792","mohonk","Erythronium","americanum","ffd",1932,119
"61793","mohonk","Erythronium","americanum","ffd",1933,120
"61794","mohonk","Hedyotis","caerulea","ffd",1933,111
"61795","mohonk","Hepatica","acutiloba","ffd",1933,111
"61796","mohonk","Kalmia","latifolia","ffd",1933,156
"61797","mohonk","Polygala","paucifolia","ffd",1933,134
"61798","mohonk","Rhododendron","nudiflorum","ffd",1933,136
"61799","mohonk","Viburnum","lantanoides","ffd",1933,133
"61800","mohonk","Amelanchier","arborea","ffd",1938,118
"61801","mohonk","Aquilegia","canadensis","ffd",1938,119
"61802","mohonk","Cornus","florida","ffd",1938,118
"61803","mohonk","Erythronium","americanum","ffd",1938,111
"61804","mohonk","Hepatica","acutiloba","ffd",1938,91
"61805","mohonk","Kalmia","latifolia","ffd",1938,154
"61806","mohonk","Sambucus","racemosa","ffd",1938,119
"61807","mohonk","Amelanchier","arborea","ffd",1939,124
"61808","mohonk","Hepatica","acutiloba","ffd",1939,111
"61809","mohonk","Kalmia","latifolia","ffd",1939,154
"61810","mohonk","Rhododendron","nudiflorum","ffd",1939,143
"61811","mohonk","Rhododendron","indicum","ffd",1939,184
"61812","mohonk","Sambucus","racemosa","ffd",1939,139
"61813","mohonk","Viburnum","acerifolium","ffd",1939,153
"61814","mohonk","Cornus","florida","ffd",1940,139
"61815","mohonk","Hedyotis","caerulea","ffd",1940,130
"61816","mohonk","Hepatica","acutiloba","ffd",1940,126
"61817","mohonk","Rhododendron","nudiflorum","ffd",1940,139
"61818","mohonk","Sambucus","racemosa","ffd",1940,139
"61819","mohonk","Trillium","erectum","ffd",1940,126
"61820","mohonk","Viburnum","lantanoides","ffd",1940,140
"61821","mohonk","Cornus","florida","ffd",1941,114
"61822","mohonk","Hedyotis","caerulea","ffd",1941,114
"61823","mohonk","Rhododendron","nudiflorum","ffd",1941,121
"61824","mohonk","Sambucus","racemosa","ffd",1941,119
"61825","mohonk","Viburnum","lantanoides","ffd",1941,121
"61826","mohonk","Amelanchier","arborea","ffd",1942,113
"61827","mohonk","Hedyotis","caerulea","ffd",1942,97
"61828","mohonk","Hepatica","acutiloba","ffd",1942,113
"61829","mohonk","Kalmia","latifolia","ffd",1942,149
"61830","mohonk","Rhododendron","nudiflorum","ffd",1942,122
"61831","mohonk","Amelanchier","arborea","ffd",1943,129
"61832","mohonk","Kalmia","latifolia","ffd",1943,157
"61833","mohonk","Rhododendron","nudiflorum","ffd",1943,144
"61834","mohonk","Rhododendron","indicum","ffd",1943,189
"61835","mohonk","Sambucus","racemosa","ffd",1943,135
"61836","mohonk","Sanguinaria","canadensis","ffd",1943,124
"61837","mohonk","Amelanchier","arborea","ffd",1944,124
"61838","mohonk","Kalmia","latifolia","ffd",1944,156
"61839","mohonk","Trillium","erectum","ffd",1944,126
"61840","mohonk","Hedyotis","caerulea","ffd",1945,97
"61841","mohonk","Hepatica","acutiloba","ffd",1945,97
"61842","mohonk","Rhododendron","nudiflorum","ffd",1945,139
"61843","mohonk","Amelanchier","arborea","ffd",1946,93
"61844","mohonk","Cornus","florida","ffd",1946,121
"61845","mohonk","Hepatica","acutiloba","ffd",1946,93
"61846","mohonk","Kalmia","latifolia","ffd",1946,153
"61847","mohonk","Viburnum","lantanoides","ffd",1946,120
"61848","mohonk","Amelanchier","arborea","ffd",1947,121
"61849","mohonk","Amelanchier","arborea","ffd",1948,116
"61850","mohonk","Kalmia","latifolia","ffd",1948,157
"61851","mohonk","Polygala","paucifolia","ffd",1948,133
"61852","mohonk","Rhododendron","nudiflorum","ffd",1948,134
"61853","mohonk","Rhododendron","indicum","ffd",1948,197
"61854","mohonk","Sambucus","racemosa","ffd",1948,130
"61855","mohonk","Amelanchier","arborea","ffd",1949,105
"61856","mohonk","Amelanchier","arborea","ffd",1950,126
"61857","mohonk","Rhododendron","nudiflorum","ffd",1950,151
"61858","mohonk","Amelanchier","arborea","ffd",1951,117
"61859","mohonk","Cornus","florida","ffd",1951,123
"61860","mohonk","Hedyotis","caerulea","ffd",1951,99
"61861","mohonk","Kalmia","latifolia","ffd",1951,155
"61862","mohonk","Polygala","paucifolia","ffd",1951,129
"61863","mohonk","Rhododendron","nudiflorum","ffd",1951,133
"61864","mohonk","Sambucus","racemosa","ffd",1951,131
"61865","mohonk","Viburnum","lantanoides","ffd",1951,127
"61866","mohonk","Amelanchier","arborea","ffd",1952,113
"61867","mohonk","Erythronium","americanum","ffd",1952,113
"61868","mohonk","Hedyotis","caerulea","ffd",1952,117
"61869","mohonk","Kalmia","latifolia","ffd",1952,159
"61870","mohonk","Rhododendron","nudiflorum","ffd",1952,136
"61871","mohonk","Rhododendron","indicum","ffd",1952,192
"61872","mohonk","Sambucus","racemosa","ffd",1952,126
"61873","mohonk","Trillium","erectum","ffd",1952,124
"61874","mohonk","Trillium","undulatum","ffd",1952,124
"61875","mohonk","Viburnum","acerifolium","ffd",1952,160
"61876","mohonk","Viburnum","lantanoides","ffd",1952,123
"61877","mohonk","Amelanchier","arborea","ffd",1953,116
"61878","mohonk","Caltha","palustris","ffd",1953,104
"61879","mohonk","Erythronium","americanum","ffd",1953,114
"61880","mohonk","Hedyotis","caerulea","ffd",1953,122
"61881","mohonk","Kalmia","latifolia","ffd",1953,153
"61882","mohonk","Polygala","paucifolia","ffd",1953,131
"61883","mohonk","Rhododendron","nudiflorum","ffd",1953,133
"61884","mohonk","Rhododendron","indicum","ffd",1953,173
"61885","mohonk","Sambucus","racemosa","ffd",1953,128
"61886","mohonk","Trillium","erectum","ffd",1953,116
"61887","mohonk","Trillium","undulatum","ffd",1953,127
"61888","mohonk","Viburnum","acerifolium","ffd",1953,155
"61889","mohonk","Amelanchier","arborea","ffd",1954,110
"61890","mohonk","Aquilegia","canadensis","ffd",1954,135
"61891","mohonk","Caltha","palustris","ffd",1954,110
"61892","mohonk","Cornus","florida","ffd",1954,123
"61893","mohonk","Erythronium","americanum","ffd",1954,108
"61894","mohonk","Hedyotis","caerulea","ffd",1954,116
"61895","mohonk","Kalmia","latifolia","ffd",1954,157
"61896","mohonk","Polygala","paucifolia","ffd",1954,134
"61897","mohonk","Rhododendron","nudiflorum","ffd",1954,124
"61898","mohonk","Sambucus","racemosa","ffd",1954,124
"61899","mohonk","Sanguinaria","canadensis","ffd",1954,108
"61900","mohonk","Trillium","undulatum","ffd",1954,121
"61901","mohonk","Viburnum","acerifolium","ffd",1954,155
"61902","mohonk","Viburnum","lantanoides","ffd",1954,121
"61903","mohonk","Amelanchier","arborea","ffd",1955,107
"61904","mohonk","Aquilegia","canadensis","ffd",1955,124
"61905","mohonk","Caltha","palustris","ffd",1955,112
"61906","mohonk","Cornus","florida","ffd",1955,135
"61907","mohonk","Erythronium","americanum","ffd",1955,102
"61908","mohonk","Hedyotis","caerulea","ffd",1955,120
"61909","mohonk","Hepatica","acutiloba","ffd",1955,101
"61910","mohonk","Kalmia","latifolia","ffd",1955,151
"61911","mohonk","Polygala","paucifolia","ffd",1955,125
"61912","mohonk","Rhododendron","nudiflorum","ffd",1955,127
"61913","mohonk","Rhododendron","indicum","ffd",1955,181
"61914","mohonk","Sambucus","racemosa","ffd",1955,124
"61915","mohonk","Trillium","erectum","ffd",1955,111
"61916","mohonk","Trillium","undulatum","ffd",1955,121
"61917","mohonk","Viburnum","acerifolium","ffd",1955,146
"61918","mohonk","Amelanchier","arborea","ffd",1956,127
"61919","mohonk","Erythronium","americanum","ffd",1956,126
"61920","mohonk","Kalmia","latifolia","ffd",1956,167
"61921","mohonk","Rhododendron","nudiflorum","ffd",1956,143
"61922","mohonk","Rhododendron","indicum","ffd",1956,188
"61923","mohonk","Sambucus","racemosa","ffd",1956,141
"61924","mohonk","Sanguinaria","canadensis","ffd",1956,120
"61925","mohonk","Thalictrum","thalictroides","ffd",1956,131
"61926","mohonk","Trillium","erectum","ffd",1956,131
"61927","mohonk","Trillium","undulatum","ffd",1956,131
"61928","mohonk","Viburnum","lantanoides","ffd",1956,138
"61929","mohonk","Amelanchier","arborea","ffd",1957,114
"61930","mohonk","Caltha","palustris","ffd",1957,114
"61931","mohonk","Erythronium","americanum","ffd",1957,111
"61932","mohonk","Hepatica","acutiloba","ffd",1957,104
"61933","mohonk","Kalmia","latifolia","ffd",1957,151
"61934","mohonk","Polygala","paucifolia","ffd",1957,133
"61935","mohonk","Rhododendron","nudiflorum","ffd",1957,125
"61936","mohonk","Rhododendron","indicum","ffd",1957,170
"61937","mohonk","Amelanchier","arborea","ffd",1958,112
"61938","mohonk","Aquilegia","canadensis","ffd",1958,118
"61939","mohonk","Caltha","palustris","ffd",1958,118
"61940","mohonk","Cornus","florida","ffd",1958,126
"61941","mohonk","Erythronium","americanum","ffd",1958,108
"61942","mohonk","Hedyotis","caerulea","ffd",1958,113
"61943","mohonk","Hepatica","acutiloba","ffd",1958,110
"61944","mohonk","Kalmia","latifolia","ffd",1958,152
"61945","mohonk","Polygala","paucifolia","ffd",1958,133
"61946","mohonk","Rhododendron","nudiflorum","ffd",1958,118
"61947","mohonk","Rhododendron","indicum","ffd",1958,185
"61948","mohonk","Sambucus","racemosa","ffd",1958,126
"61949","mohonk","Sanguinaria","canadensis","ffd",1958,106
"61950","mohonk","Thalictrum","thalictroides","ffd",1958,113
"61951","mohonk","Trillium","erectum","ffd",1958,113
"61952","mohonk","Viburnum","lantanoides","ffd",1958,118
"61953","mohonk","Cornus","florida","ffd",1959,126
"61954","mohonk","Kalmia","latifolia","ffd",1959,151
"61955","mohonk","Polygala","paucifolia","ffd",1959,132
"61956","mohonk","Sambucus","racemosa","ffd",1959,126
"61957","mohonk","Trillium","erectum","ffd",1959,122
"61958","mohonk","Viburnum","acerifolium","ffd",1959,151
"61959","mohonk","Aquilegia","canadensis","ffd",1960,126
"61960","mohonk","Caltha","palustris","ffd",1960,117
"61961","mohonk","Cornus","florida","ffd",1960,125
"61962","mohonk","Erythronium","americanum","ffd",1960,108
"61963","mohonk","Hedyotis","caerulea","ffd",1960,113
"61964","mohonk","Kalmia","latifolia","ffd",1960,156
"61965","mohonk","Polygala","paucifolia","ffd",1960,125
"61966","mohonk","Rhododendron","nudiflorum","ffd",1960,128
"61967","mohonk","Rhododendron","indicum","ffd",1960,190
"61968","mohonk","Sambucus","racemosa","ffd",1960,126
"61969","mohonk","Sanguinaria","canadensis","ffd",1960,108
"61970","mohonk","Thalictrum","thalictroides","ffd",1960,111
"61971","mohonk","Trillium","erectum","ffd",1960,118
"61972","mohonk","Trillium","undulatum","ffd",1960,123
"61973","mohonk","Viburnum","lantanoides","ffd",1960,118
"61974","mohonk","Amelanchier","arborea","ffd",1961,126
"61975","mohonk","Erythronium","americanum","ffd",1961,112
"61976","mohonk","Hedyotis","caerulea","ffd",1961,127
"61977","mohonk","Kalmia","latifolia","ffd",1961,160
"61978","mohonk","Rhododendron","nudiflorum","ffd",1961,137
"61979","mohonk","Sambucus","racemosa","ffd",1961,134
"61980","mohonk","Thalictrum","thalictroides","ffd",1961,131
"61981","mohonk","Trillium","erectum","ffd",1961,116
"61982","mohonk","Viburnum","acerifolium","ffd",1961,161
"61983","mohonk","Amelanchier","arborea","ffd",1962,117
"61984","mohonk","Aquilegia","canadensis","ffd",1962,131
"61985","mohonk","Caltha","palustris","ffd",1962,118
"61986","mohonk","Erythronium","americanum","ffd",1962,116
"61987","mohonk","Kalmia","latifolia","ffd",1962,152
"61988","mohonk","Rhododendron","nudiflorum","ffd",1962,124
"61989","mohonk","Rhododendron","indicum","ffd",1962,187
"61990","mohonk","Sambucus","racemosa","ffd",1962,126
"61991","mohonk","Sanguinaria","canadensis","ffd",1962,110
"61992","mohonk","Trillium","undulatum","ffd",1962,122
"61993","mohonk","Viburnum","lantanoides","ffd",1962,118
"61994","mohonk","Amelanchier","arborea","ffd",1963,116
"61995","mohonk","Caltha","palustris","ffd",1963,116
"61996","mohonk","Erythronium","americanum","ffd",1963,114
"61997","mohonk","Kalmia","latifolia","ffd",1963,154
"61998","mohonk","Rhododendron","nudiflorum","ffd",1963,131
"61999","mohonk","Sambucus","racemosa","ffd",1963,128
"62000","mohonk","Sanguinaria","canadensis","ffd",1963,97
"62001","mohonk","Thalictrum","thalictroides","ffd",1963,116
"62002","mohonk","Trillium","erectum","ffd",1963,116
"62003","mohonk","Kalmia","latifolia","ffd",1964,155
"62004","mohonk","Rhododendron","nudiflorum","ffd",1964,135
"62005","mohonk","Amelanchier","arborea","ffd",1965,125
"62006","mohonk","Erythronium","americanum","ffd",1965,122
"62007","mohonk","Kalmia","latifolia","ffd",1965,160
"62008","mohonk","Sambucus","racemosa","ffd",1965,132
"62009","mohonk","Amelanchier","arborea","ffd",1966,124
"62010","mohonk","Kalmia","latifolia","ffd",1966,160
"62011","mohonk","Thalictrum","thalictroides","ffd",1966,124
"62012","mohonk","Amelanchier","arborea","ffd",1967,124
"62013","mohonk","Aquilegia","canadensis","ffd",1967,143
"62014","mohonk","Erythronium","americanum","ffd",1967,110
"62015","mohonk","Hedyotis","caerulea","ffd",1967,128
"62016","mohonk","Kalmia","latifolia","ffd",1967,165
"62017","mohonk","Polygala","paucifolia","ffd",1967,144
"62018","mohonk","Rhododendron","nudiflorum","ffd",1967,144
"62019","mohonk","Sambucus","racemosa","ffd",1967,137
"62020","mohonk","Sanguinaria","canadensis","ffd",1967,110
"62021","mohonk","Thalictrum","thalictroides","ffd",1967,123
"62022","mohonk","Trillium","erectum","ffd",1967,123
"62023","mohonk","Viburnum","acerifolium","ffd",1967,165
"62024","mohonk","Amelanchier","arborea","ffd",1968,118
"62025","mohonk","Caltha","palustris","ffd",1968,111
"62026","mohonk","Erythronium","americanum","ffd",1968,110
"62027","mohonk","Hedyotis","caerulea","ffd",1968,110
"62028","mohonk","Hepatica","acutiloba","ffd",1968,101
"62029","mohonk","Kalmia","latifolia","ffd",1968,158
"62030","mohonk","Polygala","paucifolia","ffd",1968,117
"62031","mohonk","Rhododendron","nudiflorum","ffd",1968,130
"62032","mohonk","Thalictrum","thalictroides","ffd",1968,107
"62033","mohonk","Trillium","undulatum","ffd",1968,117
"62034","mohonk","Viburnum","acerifolium","ffd",1968,147
"62035","mohonk","Amelanchier","arborea","ffd",1969,116
"62036","mohonk","Aquilegia","canadensis","ffd",1969,126
"62037","mohonk","Cornus","florida","ffd",1969,133
"62038","mohonk","Kalmia","latifolia","ffd",1969,155
"62039","mohonk","Rhododendron","nudiflorum","ffd",1969,137
"62040","mohonk","Sambucus","racemosa","ffd",1969,123
"62041","mohonk","Thalictrum","thalictroides","ffd",1969,110
"62042","mohonk","Trillium","erectum","ffd",1969,119
"62043","mohonk","Trillium","undulatum","ffd",1969,119
"62044","mohonk","Viburnum","lantanoides","ffd",1969,122
"62045","mohonk","Cornus","florida","ffd",1970,126
"62046","mohonk","Hedyotis","caerulea","ffd",1970,118
"62047","mohonk","Kalmia","latifolia","ffd",1970,155
"62048","mohonk","Polygala","paucifolia","ffd",1970,125
"62049","mohonk","Amelanchier","arborea","ffd",1971,127
"62050","mohonk","Kalmia","latifolia","ffd",1971,161
"62051","mohonk","Sambucus","racemosa","ffd",1971,136
"62052","mohonk","Sanguinaria","canadensis","ffd",1971,108
"62053","mohonk","Amelanchier","arborea","ffd",1972,127
"62054","mohonk","Kalmia","latifolia","ffd",1972,159
"62055","mohonk","Polygala","paucifolia","ffd",1972,135
"62056","mohonk","Rhododendron","nudiflorum","ffd",1972,142
"62057","mohonk","Rhododendron","indicum","ffd",1972,196
"62058","mohonk","Amelanchier","arborea","ffd",1973,113
"62059","mohonk","Kalmia","latifolia","ffd",1973,159
"62060","mohonk","Polygala","paucifolia","ffd",1973,127
"62061","mohonk","Rhododendron","nudiflorum","ffd",1973,130
"62062","mohonk","Rhododendron","indicum","ffd",1973,174
"62063","mohonk","Sambucus","racemosa","ffd",1973,121
"62064","mohonk","Amelanchier","arborea","ffd",1974,111
"62065","mohonk","Aquilegia","canadensis","ffd",1974,121
"62066","mohonk","Erythronium","americanum","ffd",1974,108
"62067","mohonk","Hedyotis","caerulea","ffd",1974,121
"62068","mohonk","Sanguinaria","canadensis","ffd",1974,108
"62069","mohonk","Thalictrum","thalictroides","ffd",1974,115
"62070","mohonk","Trillium","undulatum","ffd",1974,127
"62071","mohonk","Viburnum","acerifolium","ffd",1974,172
"62072","mohonk","Viburnum","lantanoides","ffd",1974,127
"62073","mohonk","Amelanchier","arborea","ffd",1975,124
"62074","mohonk","Hepatica","acutiloba","ffd",1975,113
"62075","mohonk","Kalmia","latifolia","ffd",1975,154
"62076","mohonk","Polygala","paucifolia","ffd",1975,134
"62077","mohonk","Rhododendron","nudiflorum","ffd",1975,138
"62078","mohonk","Trillium","undulatum","ffd",1975,138
"62079","mohonk","Viburnum","acerifolium","ffd",1975,151
"62080","mohonk","Viburnum","lantanoides","ffd",1975,138
"62081","mohonk","Amelanchier","arborea","ffd",1976,107
"62082","mohonk","Aquilegia","canadensis","ffd",1976,116
"62083","mohonk","Caltha","palustris","ffd",1976,118
"62084","mohonk","Hedyotis","caerulea","ffd",1976,110
"62085","mohonk","Hepatica","acutiloba","ffd",1976,105
"62086","mohonk","Kalmia","latifolia","ffd",1976,153
"62087","mohonk","Polygala","paucifolia","ffd",1976,116
"62088","mohonk","Rhododendron","nudiflorum","ffd",1976,127
"62089","mohonk","Rhododendron","indicum","ffd",1976,187
"62090","mohonk","Sambucus","racemosa","ffd",1976,112
"62091","mohonk","Thalictrum","thalictroides","ffd",1976,105
"62092","mohonk","Trillium","undulatum","ffd",1976,118
"62093","mohonk","Viburnum","lantanoides","ffd",1976,118
"62094","mohonk","Amelanchier","arborea","ffd",1977,105
"62095","mohonk","Aquilegia","canadensis","ffd",1977,118
"62096","mohonk","Caltha","palustris","ffd",1977,115
"62097","mohonk","Cornus","florida","ffd",1977,120
"62098","mohonk","Erythronium","americanum","ffd",1977,102
"62099","mohonk","Kalmia","latifolia","ffd",1977,145
"62100","mohonk","Polygala","paucifolia","ffd",1977,115
"62101","mohonk","Rhododendron","nudiflorum","ffd",1977,126
"62102","mohonk","Sambucus","racemosa","ffd",1977,113
"62103","mohonk","Sanguinaria","canadensis","ffd",1977,92
"62104","mohonk","Thalictrum","thalictroides","ffd",1977,113
"62105","mohonk","Trillium","erectum","ffd",1977,111
"62106","mohonk","Trillium","undulatum","ffd",1977,115
"62107","mohonk","Viburnum","acerifolium","ffd",1977,140
"62108","mohonk","Amelanchier","arborea","ffd",1978,128
"62109","mohonk","Caltha","palustris","ffd",1978,114
"62110","mohonk","Erythronium","americanum","ffd",1978,110
"62111","mohonk","Hedyotis","caerulea","ffd",1978,122
"62112","mohonk","Kalmia","latifolia","ffd",1978,159
"62113","mohonk","Rhododendron","indicum","ffd",1978,195
"62114","mohonk","Sambucus","racemosa","ffd",1978,133
"62115","mohonk","Sanguinaria","canadensis","ffd",1978,110
"62116","mohonk","Trillium","erectum","ffd",1978,120
"62117","mohonk","Trillium","undulatum","ffd",1978,135
"62118","mohonk","Viburnum","acerifolium","ffd",1978,159
"62119","mohonk","Viburnum","lantanoides","ffd",1978,135
"62120","mohonk","Amelanchier","arborea","ffd",1979,116
"62121","mohonk","Caltha","palustris","ffd",1979,107
"62122","mohonk","Cornus","florida","ffd",1979,126
"62123","mohonk","Hedyotis","caerulea","ffd",1979,120
"62124","mohonk","Kalmia","latifolia","ffd",1979,154
"62125","mohonk","Polygala","paucifolia","ffd",1979,124
"62126","mohonk","Rhododendron","indicum","ffd",1979,175
"62127","mohonk","Sambucus","racemosa","ffd",1979,122
"62128","mohonk","Sanguinaria","canadensis","ffd",1979,107
"62129","mohonk","Trillium","erectum","ffd",1979,115
"62130","mohonk","Trillium","undulatum","ffd",1979,120
"62131","mohonk","Viburnum","lantanoides","ffd",1979,122
"62132","mohonk","Amelanchier","arborea","ffd",1980,116
"62133","mohonk","Caltha","palustris","ffd",1980,117
"62134","mohonk","Erythronium","americanum","ffd",1980,110
"62135","mohonk","Hedyotis","caerulea","ffd",1980,125
"62136","mohonk","Kalmia","latifolia","ffd",1980,152
"62137","mohonk","Polygala","paucifolia","ffd",1980,125
"62138","mohonk","Sanguinaria","canadensis","ffd",1980,104
"62139","mohonk","Trillium","erectum","ffd",1980,117
"62140","mohonk","Trillium","undulatum","ffd",1980,125
"62141","mohonk","Viburnum","lantanoides","ffd",1980,123
"62142","mohonk","Caltha","palustris","ffd",1981,109
"62143","mohonk","Hedyotis","caerulea","ffd",1981,109
"62144","mohonk","Kalmia","latifolia","ffd",1981,151
"62145","mohonk","Polygala","paucifolia","ffd",1981,123
"62146","mohonk","Rhododendron","indicum","ffd",1981,181
"62147","mohonk","Sambucus","racemosa","ffd",1981,120
"62148","mohonk","Amelanchier","arborea","ffd",1982,113
"62149","mohonk","Aquilegia","canadensis","ffd",1982,127
"62150","mohonk","Caltha","palustris","ffd",1982,122
"62151","mohonk","Erythronium","americanum","ffd",1982,113
"62152","mohonk","Hedyotis","caerulea","ffd",1982,120
"62153","mohonk","Hepatica","acutiloba","ffd",1982,110
"62154","mohonk","Kalmia","latifolia","ffd",1982,157
"62155","mohonk","Polygala","paucifolia","ffd",1982,127
"62156","mohonk","Rhododendron","nudiflorum","ffd",1982,137
"62157","mohonk","Sambucus","racemosa","ffd",1982,127
"62158","mohonk","Sanguinaria","canadensis","ffd",1982,113
"62159","mohonk","Trillium","erectum","ffd",1982,119
"62160","mohonk","Trillium","undulatum","ffd",1982,127
"62161","mohonk","Viburnum","acerifolium","ffd",1982,158
"62162","mohonk","Viburnum","lantanoides","ffd",1982,122
"62163","mohonk","Amelanchier","arborea","ffd",1983,119
"62164","mohonk","Aquilegia","canadensis","ffd",1983,128
"62165","mohonk","Caltha","palustris","ffd",1983,117
"62166","mohonk","Hedyotis","caerulea","ffd",1983,121
"62167","mohonk","Hepatica","acutiloba","ffd",1983,108
"62168","mohonk","Kalmia","latifolia","ffd",1983,160
"62169","mohonk","Polygala","paucifolia","ffd",1983,133
"62170","mohonk","Rhododendron","nudiflorum","ffd",1983,144
"62171","mohonk","Rhododendron","indicum","ffd",1983,187
"62172","mohonk","Sambucus","racemosa","ffd",1983,128
"62173","mohonk","Sanguinaria","canadensis","ffd",1983,117
"62174","mohonk","Thalictrum","thalictroides","ffd",1983,108
"62175","mohonk","Trillium","erectum","ffd",1983,133
"62176","mohonk","Trillium","undulatum","ffd",1983,125
"62177","mohonk","Viburnum","acerifolium","ffd",1983,157
"62178","mohonk","Viburnum","lantanoides","ffd",1983,125
"62179","mohonk","Amelanchier","arborea","ffd",1984,107
"62180","mohonk","Aquilegia","canadensis","ffd",1984,136
"62181","mohonk","Caltha","palustris","ffd",1984,124
"62182","mohonk","Erythronium","americanum","ffd",1984,124
"62183","mohonk","Hedyotis","caerulea","ffd",1984,135
"62184","mohonk","Hepatica","acutiloba","ffd",1984,124
"62185","mohonk","Kalmia","latifolia","ffd",1984,163
"62186","mohonk","Polygala","paucifolia","ffd",1984,139
"62187","mohonk","Rhododendron","nudiflorum","ffd",1984,144
"62188","mohonk","Rhododendron","indicum","ffd",1984,187
"62189","mohonk","Sambucus","racemosa","ffd",1984,136
"62190","mohonk","Sanguinaria","canadensis","ffd",1984,118
"62191","mohonk","Thalictrum","thalictroides","ffd",1984,124
"62192","mohonk","Trillium","erectum","ffd",1984,124
"62193","mohonk","Trillium","undulatum","ffd",1984,136
"62194","mohonk","Viburnum","acerifolium","ffd",1984,163
"62195","mohonk","Viburnum","lantanoides","ffd",1984,132
"62196","mohonk","Amelanchier","arborea","ffd",1985,122
"62197","mohonk","Aquilegia","canadensis","ffd",1985,119
"62198","mohonk","Caltha","palustris","ffd",1985,114
"62199","mohonk","Cornus","florida","ffd",1985,129
"62200","mohonk","Hedyotis","caerulea","ffd",1985,112
"62201","mohonk","Hepatica","acutiloba","ffd",1985,98
"62202","mohonk","Kalmia","latifolia","ffd",1985,150
"62203","mohonk","Polygala","paucifolia","ffd",1985,114
"62204","mohonk","Rhododendron","nudiflorum","ffd",1985,129
"62205","mohonk","Rhododendron","indicum","ffd",1985,186
"62206","mohonk","Sambucus","racemosa","ffd",1985,119
"62207","mohonk","Thalictrum","thalictroides","ffd",1985,113
"62208","mohonk","Trillium","erectum","ffd",1985,114
"62209","mohonk","Trillium","undulatum","ffd",1985,128
"62210","mohonk","Viburnum","lantanoides","ffd",1985,114
"62211","mohonk","Amelanchier","arborea","ffd",1986,112
"62212","mohonk","Caltha","palustris","ffd",1986,115
"62213","mohonk","Erythronium","americanum","ffd",1986,115
"62214","mohonk","Hepatica","acutiloba","ffd",1986,98
"62215","mohonk","Kalmia","latifolia","ffd",1986,146
"62216","mohonk","Polygala","paucifolia","ffd",1986,119
"62217","mohonk","Sambucus","racemosa","ffd",1986,119
"62218","mohonk","Sanguinaria","canadensis","ffd",1986,101
"62219","mohonk","Viburnum","lantanoides","ffd",1986,146
"62220","mohonk","Amelanchier","arborea","ffd",1987,106
"62221","mohonk","Aquilegia","canadensis","ffd",1987,127
"62222","mohonk","Caltha","palustris","ffd",1987,113
"62223","mohonk","Erythronium","americanum","ffd",1987,117
"62224","mohonk","Hedyotis","caerulea","ffd",1987,117
"62225","mohonk","Kalmia","latifolia","ffd",1987,146
"62226","mohonk","Polygala","paucifolia","ffd",1987,128
"62227","mohonk","Rhododendron","nudiflorum","ffd",1987,131
"62228","mohonk","Rhododendron","indicum","ffd",1987,177
"62229","mohonk","Sambucus","racemosa","ffd",1987,116
"62230","mohonk","Thalictrum","thalictroides","ffd",1987,114
"62231","mohonk","Trillium","erectum","ffd",1987,114
"62232","mohonk","Viburnum","acerifolium","ffd",1987,152
"62233","mohonk","Viburnum","lantanoides","ffd",1987,120
"62234","mohonk","Amelanchier","arborea","ffd",1988,112
"62235","mohonk","Caltha","palustris","ffd",1988,118
"62236","mohonk","Erythronium","americanum","ffd",1988,105
"62237","mohonk","Hedyotis","caerulea","ffd",1988,120
"62238","mohonk","Hepatica","acutiloba","ffd",1988,105
"62239","mohonk","Polygala","paucifolia","ffd",1988,134
"62240","mohonk","Rhododendron","indicum","ffd",1988,189
"62241","mohonk","Sambucus","racemosa","ffd",1988,133
"62242","mohonk","Thalictrum","thalictroides","ffd",1988,105
"62243","mohonk","Trillium","erectum","ffd",1988,118
"62244","mohonk","Trillium","undulatum","ffd",1988,130
"62245","mohonk","Amelanchier","arborea","ffd",1989,110
"62246","mohonk","Aquilegia","canadensis","ffd",1989,125
"62247","mohonk","Caltha","palustris","ffd",1989,118
"62248","mohonk","Cornus","florida","ffd",1989,129
"62249","mohonk","Erythronium","americanum","ffd",1989,117
"62250","mohonk","Hedyotis","caerulea","ffd",1989,122
"62251","mohonk","Hepatica","acutiloba","ffd",1989,118
"62252","mohonk","Kalmia","latifolia","ffd",1989,152
"62253","mohonk","Polygala","paucifolia","ffd",1989,135
"62254","mohonk","Rhododendron","indicum","ffd",1989,188
"62255","mohonk","Sanguinaria","canadensis","ffd",1989,104
"62256","mohonk","Thalictrum","thalictroides","ffd",1989,117
"62257","mohonk","Trillium","undulatum","ffd",1989,132
"62258","mohonk","Amelanchier","arborea","ffd",1990,113
"62259","mohonk","Aquilegia","canadensis","ffd",1990,123
"62260","mohonk","Caltha","palustris","ffd",1990,114
"62261","mohonk","Cornus","florida","ffd",1990,123
"62262","mohonk","Erythronium","americanum","ffd",1990,111
"62263","mohonk","Hedyotis","caerulea","ffd",1990,123
"62264","mohonk","Kalmia","latifolia","ffd",1990,155
"62265","mohonk","Polygala","paucifolia","ffd",1990,127
"62266","mohonk","Rhododendron","nudiflorum","ffd",1990,127
"62267","mohonk","Rhododendron","indicum","ffd",1990,194
"62268","mohonk","Sambucus","racemosa","ffd",1990,121
"62269","mohonk","Trillium","erectum","ffd",1990,127
"62270","mohonk","Trillium","undulatum","ffd",1990,139
"62271","mohonk","Amelanchier","arborea","ffd",1991,100
"62272","mohonk","Aquilegia","canadensis","ffd",1991,128
"62273","mohonk","Caltha","palustris","ffd",1991,101
"62274","mohonk","Erythronium","americanum","ffd",1991,99
"62275","mohonk","Hedyotis","caerulea","ffd",1991,107
"62276","mohonk","Hepatica","acutiloba","ffd",1991,98
"62277","mohonk","Kalmia","latifolia","ffd",1991,142
"62278","mohonk","Polygala","paucifolia","ffd",1991,122
"62279","mohonk","Rhododendron","nudiflorum","ffd",1991,128
"62280","mohonk","Rhododendron","indicum","ffd",1991,184
"62281","mohonk","Sambucus","racemosa","ffd",1991,122
"62282","mohonk","Sanguinaria","canadensis","ffd",1991,99
"62283","mohonk","Thalictrum","thalictroides","ffd",1991,102
"62284","mohonk","Trillium","erectum","ffd",1991,116
"62285","mohonk","Viburnum","acerifolium","ffd",1991,143
"62286","mohonk","Viburnum","lantanoides","ffd",1991,116
"62287","mohonk","Amelanchier","arborea","ffd",1992,125
"62288","mohonk","Aquilegia","canadensis","ffd",1992,135
"62289","mohonk","Erythronium","americanum","ffd",1992,125
"62290","mohonk","Hepatica","acutiloba","ffd",1992,112
"62291","mohonk","Kalmia","latifolia","ffd",1992,154
"62292","mohonk","Polygala","paucifolia","ffd",1992,134
"62293","mohonk","Rhododendron","indicum","ffd",1992,195
"62294","mohonk","Sambucus","racemosa","ffd",1992,134
"62295","mohonk","Sanguinaria","canadensis","ffd",1992,111
"62296","mohonk","Thalictrum","thalictroides","ffd",1992,118
"62297","mohonk","Trillium","erectum","ffd",1992,125
"62298","mohonk","Trillium","undulatum","ffd",1992,134
"62299","mohonk","Viburnum","acerifolium","ffd",1992,157
"62300","mohonk","Viburnum","lantanoides","ffd",1992,134
"62301","mohonk","Amelanchier","arborea","ffd",1993,116
"62302","mohonk","Aquilegia","canadensis","ffd",1993,126
"62303","mohonk","Caltha","palustris","ffd",1993,126
"62304","mohonk","Cornus","florida","ffd",1993,130
"62305","mohonk","Erythronium","americanum","ffd",1993,116
"62306","mohonk","Hedyotis","caerulea","ffd",1993,123
"62307","mohonk","Hepatica","acutiloba","ffd",1993,110
"62308","mohonk","Kalmia","latifolia","ffd",1993,152
"62309","mohonk","Polygala","paucifolia","ffd",1993,132
"62310","mohonk","Rhododendron","indicum","ffd",1993,190
"62311","mohonk","Sambucus","racemosa","ffd",1993,125
"62312","mohonk","Sanguinaria","canadensis","ffd",1993,116
"62313","mohonk","Thalictrum","thalictroides","ffd",1993,126
"62314","mohonk","Trillium","erectum","ffd",1993,120
"62315","mohonk","Trillium","undulatum","ffd",1993,126
"62316","mohonk","Amelanchier","arborea","ffd",1994,115
"62317","mohonk","Aquilegia","canadensis","ffd",1994,130
"62318","mohonk","Caltha","palustris","ffd",1994,115
"62319","mohonk","Erythronium","americanum","ffd",1994,110
"62320","mohonk","Hedyotis","caerulea","ffd",1994,126
"62321","mohonk","Hepatica","acutiloba","ffd",1994,108
"62322","mohonk","Kalmia","latifolia","ffd",1994,156
"62323","mohonk","Polygala","paucifolia","ffd",1994,126
"62324","mohonk","Rhododendron","nudiflorum","ffd",1994,130
"62325","mohonk","Rhododendron","indicum","ffd",1994,187
"62326","mohonk","Sambucus","racemosa","ffd",1994,125
"62327","mohonk","Sanguinaria","canadensis","ffd",1994,108
"62328","mohonk","Thalictrum","thalictroides","ffd",1994,115
"62329","mohonk","Trillium","erectum","ffd",1994,126
"62330","mohonk","Trillium","undulatum","ffd",1994,123
"62331","mohonk","Viburnum","acerifolium","ffd",1994,153
"62332","mohonk","Viburnum","lantanoides","ffd",1994,123
"62333","mohonk","Amelanchier","arborea","ffd",1995,118
"62334","mohonk","Aquilegia","canadensis","ffd",1995,129
"62335","mohonk","Caltha","palustris","ffd",1995,115
"62336","mohonk","Cornus","florida","ffd",1995,135
"62337","mohonk","Erythronium","americanum","ffd",1995,111
"62338","mohonk","Hedyotis","caerulea","ffd",1995,115
"62339","mohonk","Hepatica","acutiloba","ffd",1995,86
"62340","mohonk","Kalmia","latifolia","ffd",1995,156
"62341","mohonk","Polygala","paucifolia","ffd",1995,129
"62342","mohonk","Rhododendron","indicum","ffd",1995,178
"62343","mohonk","Sambucus","racemosa","ffd",1995,131
"62344","mohonk","Sanguinaria","canadensis","ffd",1995,97
"62345","mohonk","Thalictrum","thalictroides","ffd",1995,122
"62346","mohonk","Trillium","erectum","ffd",1995,114
"62347","mohonk","Viburnum","acerifolium","ffd",1995,153
"62348","mohonk","Amelanchier","arborea","ffd",1996,117
"62349","mohonk","Aquilegia","canadensis","ffd",1996,131
"62350","mohonk","Caltha","palustris","ffd",1996,121
"62351","mohonk","Hepatica","acutiloba","ffd",1996,109
"62352","mohonk","Kalmia","latifolia","ffd",1996,157
"62353","mohonk","Polygala","paucifolia","ffd",1996,138
"62354","mohonk","Sambucus","racemosa","ffd",1996,128
"62355","mohonk","Sanguinaria","canadensis","ffd",1996,108
"62356","mohonk","Thalictrum","thalictroides","ffd",1996,127
"62357","mohonk","Trillium","erectum","ffd",1996,121
"62358","mohonk","Trillium","undulatum","ffd",1996,138
"62359","mohonk","Viburnum","acerifolium","ffd",1996,157
"62360","mohonk","Viburnum","lantanoides","ffd",1996,129
"62361","mohonk","Amelanchier","arborea","ffd",1997,116
"62362","mohonk","Aquilegia","canadensis","ffd",1997,119
"62363","mohonk","Caltha","palustris","ffd",1997,122
"62364","mohonk","Erythronium","americanum","ffd",1997,112
"62365","mohonk","Hedyotis","caerulea","ffd",1997,128
"62366","mohonk","Hepatica","acutiloba","ffd",1997,97
"62367","mohonk","Kalmia","latifolia","ffd",1997,161
"62368","mohonk","Polygala","paucifolia","ffd",1997,128
"62369","mohonk","Rhododendron","indicum","ffd",1997,192
"62370","mohonk","Sambucus","racemosa","ffd",1997,135
"62371","mohonk","Sanguinaria","canadensis","ffd",1997,97
"62372","mohonk","Thalictrum","thalictroides","ffd",1997,112
"62373","mohonk","Trillium","erectum","ffd",1997,122
"62374","mohonk","Viburnum","acerifolium","ffd",1997,161
"62375","mohonk","Viburnum","lantanoides","ffd",1997,128
"62376","mohonk","Amelanchier","arborea","ffd",1998,105
"62377","mohonk","Aquilegia","canadensis","ffd",1998,111
"62378","mohonk","Caltha","palustris","ffd",1998,106
"62379","mohonk","Cornus","florida","ffd",1998,120
"62380","mohonk","Erythronium","americanum","ffd",1998,96
"62381","mohonk","Hedyotis","caerulea","ffd",1998,120
"62382","mohonk","Hepatica","acutiloba","ffd",1998,90
"62383","mohonk","Kalmia","latifolia","ffd",1998,141
"62384","mohonk","Rhododendron","indicum","ffd",1998,176
"62385","mohonk","Sambucus","racemosa","ffd",1998,109
"62386","mohonk","Sanguinaria","canadensis","ffd",1998,96
"62387","mohonk","Thalictrum","thalictroides","ffd",1998,125
"62388","mohonk","Trillium","erectum","ffd",1998,120
"62389","mohonk","Trillium","undulatum","ffd",1998,120
"62390","mohonk","Viburnum","acerifolium","ffd",1998,146
"62391","mohonk","Viburnum","lantanoides","ffd",1998,110
"62392","mohonk","Amelanchier","arborea","ffd",1999,106
"62393","mohonk","Aquilegia","canadensis","ffd",1999,127
"62394","mohonk","Caltha","palustris","ffd",1999,113
"62395","mohonk","Erythronium","americanum","ffd",1999,98
"62396","mohonk","Hedyotis","caerulea","ffd",1999,119
"62397","mohonk","Hepatica","acutiloba","ffd",1999,103
"62398","mohonk","Kalmia","latifolia","ffd",1999,152
"62399","mohonk","Polygala","paucifolia","ffd",1999,136
"62400","mohonk","Sambucus","racemosa","ffd",1999,123
"62401","mohonk","Sanguinaria","canadensis","ffd",1999,95
"62402","mohonk","Thalictrum","thalictroides","ffd",1999,119
"62403","mohonk","Trillium","erectum","ffd",1999,119
"62404","mohonk","Viburnum","acerifolium","ffd",1999,154
"62405","mohonk","Amelanchier","arborea","ffd",2000,110
"62406","mohonk","Aquilegia","canadensis","ffd",2000,129
"62407","mohonk","Caltha","palustris","ffd",2000,119
"62408","mohonk","Cornus","florida","ffd",2000,129
"62409","mohonk","Erythronium","americanum","ffd",2000,103
"62410","mohonk","Hedyotis","caerulea","ffd",2000,108
"62411","mohonk","Hepatica","acutiloba","ffd",2000,91
"62412","mohonk","Kalmia","latifolia","ffd",2000,154
"62413","mohonk","Polygala","paucifolia","ffd",2000,132
"62414","mohonk","Rhododendron","indicum","ffd",2000,182
"62415","mohonk","Sambucus","racemosa","ffd",2000,121
"62416","mohonk","Sanguinaria","canadensis","ffd",2000,103
"62417","mohonk","Thalictrum","thalictroides","ffd",2000,110
"62418","mohonk","Trillium","erectum","ffd",2000,115
"62419","mohonk","Viburnum","acerifolium","ffd",2000,161
"62420","mohonk","Viburnum","lantanoides","ffd",2000,119
"62421","mohonk","Amelanchier","arborea","ffd",2001,117
"62422","mohonk","Aquilegia","canadensis","ffd",2001,124
"62423","mohonk","Caltha","palustris","ffd",2001,129
"62424","mohonk","Cornus","florida","ffd",2001,124
"62425","mohonk","Erythronium","americanum","ffd",2001,113
"62426","mohonk","Hedyotis","caerulea","ffd",2001,122
"62427","mohonk","Hepatica","acutiloba","ffd",2001,106
"62428","mohonk","Kalmia","latifolia","ffd",2001,154
"62429","mohonk","Polygala","paucifolia","ffd",2001,129
"62430","mohonk","Rhododendron","indicum","ffd",2001,179
"62431","mohonk","Sambucus","racemosa","ffd",2001,122
"62432","mohonk","Sanguinaria","canadensis","ffd",2001,113
"62433","mohonk","Thalictrum","thalictroides","ffd",2001,117
"62434","mohonk","Trillium","erectum","ffd",2001,116
"62435","mohonk","Trillium","undulatum","ffd",2001,129
"62436","mohonk","Viburnum","acerifolium","ffd",2001,150
"62437","mohonk","Amelanchier","arborea","ffd",2002,105
"62438","mohonk","Aquilegia","canadensis","ffd",2002,114
"62439","mohonk","Caltha","palustris","ffd",2002,108
"62440","mohonk","Cornus","florida","ffd",2002,114
"62441","mohonk","Erythronium","americanum","ffd",2002,105
"62442","mohonk","Hedyotis","caerulea","ffd",2002,108
"62443","mohonk","Hepatica","acutiloba","ffd",2002,91
"62444","mohonk","Kalmia","latifolia","ffd",2002,151
"62445","mohonk","Polygala","paucifolia","ffd",2002,131
"62446","mohonk","Rhododendron","nudiflorum","ffd",2002,130
"62447","mohonk","Rhododendron","indicum","ffd",2002,186
"62448","mohonk","Sambucus","racemosa","ffd",2002,113
"62449","mohonk","Sanguinaria","canadensis","ffd",2002,100
"62450","mohonk","Thalictrum","thalictroides","ffd",2002,108
"62451","mohonk","Trillium","erectum","ffd",2002,108
"62452","mohonk","Viburnum","lantanoides","ffd",2002,108
