"","site","species","tbase","sens_gddsoil","se_soil","t_soil","p_soil","aic_gddsoil","sens_gddair","se_air","t_air","p_air","aic_gddair"
"1","marchin","Quercus.alba","2","0.023","0.004","5.092","0","1565.411","-0.001","0.002","-0.626","0.532","1480.504"
"2","marchin","Quercus.alba","4","0.002","0.005","0.351","0.726","1590.123","-0.003","0.001","-1.818","0.07","1477.587"
"3","marchin","Quercus.alba","6","0.015","0.01","1.452","0.148","1588.13","-0.004","0.002","-2.525","0.012","1474.554"
"4","marchin","Quercus.alba","8","0.057","0.029","1.98","0.049","1586.326","-0.006","0.003","-2.469","0.014","1474.83"
"5","marchin","Quercus.alba","10","-0.129","0.179","-0.718","0.474","1589.729","-0.014","0.005","-2.636","0.009","1473.997"
"6","marchin","Acer.rubrum","2","0.041","0.004","9.925","0","1224.273","0.002","0.002","1.206","0.229","1232.742"
"7","marchin","Acer.rubrum","4","0.025","0.006","4.264","0","1286.494","0.001","0.002","0.407","0.685","1234.04"
"8","marchin","Acer.rubrum","6","0.031","0.011","2.931","0.004","1295.536","0","0.002","-0.186","0.853","1234.172"
"9","marchin","Acer.rubrum","8","0.056","0.026","2.123","0.035","1299.523","0","0.004","-0.061","0.952","1234.204"
"10","marchin","Acer.rubrum","10","0.147","0.105","1.408","0.161","1302.027","-0.008","0.007","-1.089","0.278","1233.012"
"11","marchin","Carya.tomentosa","2","0.023","0.008","2.929","0.004","593.241","-0.002","0.002","-0.987","0.327","573.388"
"12","marchin","Carya.tomentosa","4","0.003","0.009","0.291","0.772","601.529","-0.004","0.002","-1.707","0.091","571.445"
"13","marchin","Carya.tomentosa","6","0.001","0.016","0.076","0.94","601.609","-0.006","0.002","-2.434","0.017","568.514"
"14","marchin","Carya.tomentosa","8","0.02","0.033","0.592","0.555","601.258","-0.01","0.004","-2.832","0.006","566.533"
"15","marchin","Carya.tomentosa","10","0.029","0.144","0.2","0.842","601.574","-0.022","0.008","-2.941","0.004","565.946"
"16","marchin","Vaccinium.stamineum","2","0.067","0.004","17.109","0","763.776","0.012","0.003","4.707","0","720.216"
"17","marchin","Vaccinium.stamineum","4","0.077","0.007","11.318","0","823.303","0.013","0.003","4.503","0","721.777"
"18","marchin","Vaccinium.stamineum","6","0.137","0.01","13.993","0","794.978","0.015","0.004","4.227","0","723.816"
"19","marchin","Vaccinium.stamineum","8","0.387","0.044","8.821","0","850.091","0.028","0.005","5.461","0","714.108"
"20","marchin","Vaccinium.stamineum","10","-0.639","0.583","-1.097","0.275","909.011","0.057","0.009","6.737","0","702.801"
"21","marchin","Hieracium.venosum","2","0.072","0.015","4.731","0","113.898","-0.003","0.009","-0.328","0.748","121.745"
"22","marchin","Hieracium.venosum","4","0.072","0.022","3.234","0.006","120.25","-0.005","0.009","-0.522","0.61","121.558"
"23","marchin","Hieracium.venosum","6","0.111","0.018","6.129","0","108.316","-0.007","0.01","-0.661","0.52","121.372"
"24","marchin","Hieracium.venosum","8","0.157","0.049","3.218","0.006","120.32","0.001","0.016","0.048","0.963","121.866"
"25","marchin","Hieracium.venosum","10","1.615","0.447","3.611","0.003","118.645","0.003","0.023","0.124","0.903","121.851"
"26","marchin","Thalictrum.thalictroides","2","0.067","0.01","6.518","0","166.914","0.004","0.004","0.925","0.366","162.301"
"27","marchin","Thalictrum.thalictroides","4","0.081","0.02","4.034","0","180.19","0.003","0.005","0.627","0.537","162.793"
"28","marchin","Thalictrum.thalictroides","6","0.164","0.054","3.04","0.005","185.231","0.003","0.006","0.473","0.642","162.977"
"29","marchin","Thalictrum.thalictroides","8","0.657","0.201","3.273","0.003","184.095","0.009","0.01","0.853","0.404","162.436"
"30","marchin","Thalictrum.thalictroides","10",NA,NA,NA,NA,"191.725","0.017","0.023","0.723","0.478","162.654"
"31","marchin","Quercus.rubra","2","0.034","0.017","2.024","0.058","134.042","-0.002","0.005","-0.477","0.639","136.635"
"32","marchin","Quercus.rubra","4","0.011","0.022","0.479","0.638","137.891","-0.004","0.005","-0.729","0.475","136.305"
"33","marchin","Quercus.rubra","6","0.018","0.043","0.427","0.674","137.942","-0.005","0.005","-0.866","0.398","136.07"
"34","marchin","Quercus.rubra","8","0.024","0.095","0.258","0.8","138.07","-0.005","0.008","-0.591","0.562","136.503"
"35","marchin","Quercus.rubra","10","0.024","0.322","0.074","0.942","138.138","-0.012","0.017","-0.685","0.502","136.372"
"36","marchin","Hexastylis.arifolia","2","0.076","0.015","5.016","0","104.994","-0.004","0.012","-0.338","0.741","112.343"
"37","marchin","Hexastylis.arifolia","4","0.109","0.04","2.728","0.017","114.358","-0.009","0.013","-0.673","0.513","111.957"
"38","marchin","Hexastylis.arifolia","6","0.21","0.032","6.639","0","98.956","-0.011","0.016","-0.693","0.502","111.927"
"39","marchin","Hexastylis.arifolia","8","0.371","0.129","2.88","0.013","113.746","-0.003","0.03","-0.098","0.923","112.465"
"40","marchin","Hexastylis.arifolia","10",NA,NA,NA,NA,"119.147","0.041","0.047","0.861","0.406","111.637"
"41","marchin","Vaccinium.pallidum","2","0.065","0.005","12.966","0","1169.069","0.008","0.003","2.751","0.007","1294.838"
"42","marchin","Vaccinium.pallidum","4","0.043","0.009","5.074","0","1262.542","0.003","0.003","0.968","0.335","1301.382"
"43","marchin","Vaccinium.pallidum","6","0.081","0.014","5.88","0","1254.971","-0.002","0.003","-0.671","0.503","1301.873"
"44","marchin","Vaccinium.pallidum","8","0.193","0.028","6.796","0","1245.505","-0.003","0.005","-0.635","0.526","1301.92"
"45","marchin","Vaccinium.pallidum","10","0.106","0.127","0.833","0.406","1286.071","0.009","0.009","1.013","0.313","1301.293"
"46","marchin","Tipularia.discolor","2","0.012","0.003","4.732","0","209.727","0.005","0.001","3.569","0.001","159.228"
"47","marchin","Tipularia.discolor","4","0.011","0.003","4.406","0","211.661","0.004","0.001","3.473","0.002","159.715"
"48","marchin","Tipularia.discolor","6","0.014","0.003","4.923","0","208.579","0.005","0.001","3.502","0.002","159.57"
"49","marchin","Tipularia.discolor","8","0.015","0.003","4.91","0","208.659","0.005","0.002","3.482","0.002","159.669"
"50","marchin","Tipularia.discolor","10","0.016","0.003","4.449","0","211.404","0.006","0.002","3.57","0.001","159.221"
"51","marchin","Chimaphila.maculata","2","0.125","0.038","3.311","0.013","67.635","-0.033","0.013","-2.569","0.037","70.139"
"52","marchin","Chimaphila.maculata","4","0.082","0.072","1.15","0.288","74.557","-0.033","0.01","-3.223","0.015","67.926"
"53","marchin","Chimaphila.maculata","6","0.138","0.04","3.48","0.01","67.076","-0.036","0.008","-4.325","0.003","64.409"
"54","marchin","Chimaphila.maculata","8","0.101","0.083","1.224","0.261","74.371","-0.047","0.014","-3.312","0.013","67.63"
"55","marchin","Chimaphila.maculata","10","0.235","0.1","2.347","0.051","70.889","-0.055","0.018","-3.034","0.019","68.559"
"56","bace","Quercus.rubra","2","0.044","0.002","20.783","0","1882.138","-0.055","0.018","-3.034","0.019",NA
"57","bace","Quercus.rubra","4","0.052","0.002","22.073","0","1861.752","-0.055","0.018","-3.034","0.019",NA
"58","bace","Quercus.rubra","6","0.06","0.003","20.797","0","1881.912","-0.055","0.018","-3.034","0.019",NA
"59","bace","Quercus.rubra","8","0.066","0.004","15.444","0","1968.923","-0.055","0.018","-3.034","0.019",NA
"60","bace","Quercus.rubra","10","0.101","0.008","13.131","0","2006.504","-0.055","0.018","-3.034","0.019",NA
"61","bace","Betula.lenta","2","0.051","0.002","23.017","0","1345.145","-0.055","0.018","-3.034","0.019",NA
"62","bace","Betula.lenta","4","0.059","0.002","24.119","0","1331.714","-0.055","0.018","-3.034","0.019",NA
"63","bace","Betula.lenta","6","0.069","0.003","22.443","0","1352.26","-0.055","0.018","-3.034","0.019",NA
"64","bace","Betula.lenta","8","0.085","0.005","16.156","0","1435.208","-0.055","0.018","-3.034","0.019",NA
"65","bace","Betula.lenta","10","0.129","0.01","13.02","0","1478.862","-0.055","0.018","-3.034","0.019",NA
"66","bace","Acer.rubrum","2","0.047","0.002","22.098","0","1825.406","-0.055","0.018","-3.034","0.019",NA
"67","bace","Acer.rubrum","4","0.055","0.002","23.493","0","1804.097","-0.055","0.018","-3.034","0.019",NA
"68","bace","Acer.rubrum","6","0.064","0.003","22.285","0","1822.527","-0.055","0.018","-3.034","0.019",NA
"69","bace","Acer.rubrum","8","0.073","0.005","15.261","0","1934.572","-0.055","0.018","-3.034","0.019",NA
"70","bace","Acer.rubrum","10","0.106","0.009","12.443","0","1979.667","-0.055","0.018","-3.034","0.019",NA
"71","farnsworth","Acer.pensylvanicum","2","0.03","0.003","11.578","0","1951.502","-0.055","0.018","-3.034","0.019",NA
"72","farnsworth","Acer.pensylvanicum","4","0.07","0.003","23.435","0","1769.209","-0.055","0.018","-3.034","0.019",NA
"73","farnsworth","Acer.pensylvanicum","6","0.084","0.005","17.134","0","1864.895","-0.055","0.018","-3.034","0.019",NA
"74","farnsworth","Acer.pensylvanicum","8","0.143","0.01","14.367","0","1908.427","-0.055","0.018","-3.034","0.019",NA
"75","farnsworth","Acer.pensylvanicum","10",NA,NA,NA,NA,"2057.217","-0.055","0.018","-3.034","0.019",NA
"76","farnsworth","Acer.rubrum","2","0.015","0.002","5.955","0","1205.096","-0.055","0.018","-3.034","0.019",NA
"77","farnsworth","Acer.rubrum","4","0.046","0.004","11.617","0","1137.793","-0.055","0.018","-3.034","0.019",NA
"78","farnsworth","Acer.rubrum","6","0.046","0.006","8.359","0","1178.646","-0.055","0.018","-3.034","0.019",NA
"79","farnsworth","Acer.rubrum","8","0.07","0.012","5.823","0","1206.396","-0.055","0.018","-3.034","0.019",NA
"80","farnsworth","Acer.rubrum","10",NA,NA,NA,NA,"1235.609","-0.055","0.018","-3.034","0.019",NA
"81","farnsworth","Fagus.grandifolia","2","0.06","0.002","26.4","0","844.144","-0.055","0.018","-3.034","0.019",NA
"82","farnsworth","Fagus.grandifolia","4","0.072","0.002","32.614","0","809.296","-0.055","0.018","-3.034","0.019",NA
"83","farnsworth","Fagus.grandifolia","6","0.086","0.004","22.481","0","869.568","-0.055","0.018","-3.034","0.019",NA
"84","farnsworth","Fagus.grandifolia","8","0.113","0.007","17.056","0","910.302","-0.055","0.018","-3.034","0.019",NA
"85","farnsworth","Fagus.grandifolia","10","0.134","0.022","6.123","0","1010.375","-0.055","0.018","-3.034","0.019",NA
"86","farnsworth","Viburnum.lentago","2","0.057","0.003","17.38","0","248.082","-0.055","0.018","-3.034","0.019",NA
"87","farnsworth","Viburnum.lentago","4","0.067","0.003","22.29","0","234.599","-0.055","0.018","-3.034","0.019",NA
"88","farnsworth","Viburnum.lentago","6","0.077","0.005","16.47","0","250.932","-0.055","0.018","-3.034","0.019",NA
"89","farnsworth","Viburnum.lentago","8","0.098","0.007","13.742","0","260.311","-0.055","0.018","-3.034","0.019",NA
"90","farnsworth","Viburnum.lentago","10","0.15","0.022","6.717","0","292.1","-0.055","0.018","-3.034","0.019",NA
"91","farnsworth","Castanea.dentata","2","0.062","0.008","8.114","0","142.667","-0.055","0.018","-3.034","0.019",NA
"92","farnsworth","Castanea.dentata","4","0.079","0.004","18.532","0","118.685","-0.055","0.018","-3.034","0.019",NA
"93","farnsworth","Castanea.dentata","6","0.098","0.006","15.574","0","123.991","-0.055","0.018","-3.034","0.019",NA
"94","farnsworth","Castanea.dentata","8","0.163","0.01","16.293","0","122.621","-0.055","0.018","-3.034","0.019",NA
"95","farnsworth","Castanea.dentata","10","0.396","0.021","18.814","0","118.221","-0.055","0.018","-3.034","0.019",NA
"96","farnsworth","Viburnum.acerifolium","2","0.053","0.002","26.379","0","147.025","-0.055","0.018","-3.034","0.019",NA
"97","farnsworth","Viburnum.acerifolium","4","0.062","0.001","55.859","0","117.409","-0.055","0.018","-3.034","0.019",NA
"98","farnsworth","Viburnum.acerifolium","6","0.071","0.001","52.193","0","120.108","-0.055","0.018","-3.034","0.019",NA
"99","farnsworth","Viburnum.acerifolium","8","0.089","0.003","35.07","0","135.853","-0.055","0.018","-3.034","0.019",NA
"100","farnsworth","Viburnum.acerifolium","10","0.151","0.01","15.803","0","166.639","-0.055","0.018","-3.034","0.019",NA
"101","farnsworth","Amelanchier.grandifolia","2","0.034","0.008","4.084","0","288.957","-0.055","0.018","-3.034","0.019",NA
"102","farnsworth","Amelanchier.grandifolia","4","0.087","0.011","8.037","0","263.784","-0.055","0.018","-3.034","0.019",NA
"103","farnsworth","Amelanchier.grandifolia","6","0.092","0.024","3.853","0","290.317","-0.055","0.018","-3.034","0.019",NA
"104","farnsworth","Amelanchier.grandifolia","8","0.111","0.09","1.234","0.225","301.94","-0.055","0.018","-3.034","0.019",NA
"105","farnsworth","Amelanchier.grandifolia","10",NA,NA,NA,NA,"301.511","-0.055","0.018","-3.034","0.019",NA
"106","farnsworth","Quercus.rubra","2","0.058","0.004","16.076","0","300.676","-0.055","0.018","-3.034","0.019",NA
"107","farnsworth","Quercus.rubra","4","0.071","0.003","21.332","0","283.567","-0.055","0.018","-3.034","0.019",NA
"108","farnsworth","Quercus.rubra","6","0.084","0.005","15.304","0","303.56","-0.055","0.018","-3.034","0.019",NA
"109","farnsworth","Quercus.rubra","8","0.11","0.009","11.841","0","318.002","-0.055","0.018","-3.034","0.019",NA
"110","farnsworth","Quercus.rubra","10","0.157","0.033","4.714","0","356.56","-0.055","0.018","-3.034","0.019",NA
"111","farnsworth","Vaccinium.corymbosum","2","0.056","0.003","19.358","0","781.695","-0.055","0.018","-3.034","0.019",NA
"112","farnsworth","Vaccinium.corymbosum","4","0.072","0.003","28.77","0","720.852","-0.055","0.018","-3.034","0.019",NA
"113","farnsworth","Vaccinium.corymbosum","6","0.086","0.004","20.477","0","773.49","-0.055","0.018","-3.034","0.019",NA
"114","farnsworth","Vaccinium.corymbosum","8","0.115","0.007","16.465","0","804.313","-0.055","0.018","-3.034","0.019",NA
"115","farnsworth","Vaccinium.corymbosum","10","0.148","0.023","6.476","0","895.223","-0.055","0.018","-3.034","0.019",NA
"116","farnsworth","Vaccinium.vacillans","2","0.054","0.004","14.382","0","225.291","-0.055","0.018","-3.034","0.019",NA
"117","farnsworth","Vaccinium.vacillans","4","0.066","0.004","16.205","0","219.472","-0.055","0.018","-3.034","0.019",NA
"118","farnsworth","Vaccinium.vacillans","6","0.074","0.007","11.212","0","236.923","-0.055","0.018","-3.034","0.019",NA
"119","farnsworth","Vaccinium.vacillans","8","0.097","0.011","8.802","0","247.335","-0.055","0.018","-3.034","0.019",NA
"120","farnsworth","Vaccinium.vacillans","10","0.128","0.028","4.617","0","268.774","-0.055","0.018","-3.034","0.019",NA
"121","farnsworth","Prunus.serotina","2","0.046","0.003","16.382","0","287.711","-0.055","0.018","-3.034","0.019",NA
"122","farnsworth","Prunus.serotina","4","0.059","0.002","29.957","0","248.254","-0.055","0.018","-3.034","0.019",NA
"123","farnsworth","Prunus.serotina","6","0.068","0.002","27.321","0","254.451","-0.055","0.018","-3.034","0.019",NA
"124","farnsworth","Prunus.serotina","8","0.089","0.003","29.073","0","250.275","-0.055","0.018","-3.034","0.019",NA
"125","farnsworth","Prunus.serotina","10","0.154","0.007","23.64","0","264.087","-0.055","0.018","-3.034","0.019",NA
"126","farnsworth","Quercus.alba","2","0.008","0.008","1.038","0.322","93.989","-0.055","0.018","-3.034","0.019",NA
"127","farnsworth","Quercus.alba","4","0.031","0.014","2.169","0.053","90.572","-0.055","0.018","-3.034","0.019",NA
"128","farnsworth","Quercus.alba","6","0.031","0.018","1.682","0.121","92.228","-0.055","0.018","-3.034","0.019",NA
"129","farnsworth","Quercus.alba","8","0.051","0.04","1.283","0.226","93.39","-0.055","0.018","-3.034","0.019",NA
"130","farnsworth","Quercus.alba","10",NA,NA,NA,NA,"93.203","-0.055","0.018","-3.034","0.019",NA
"131","farnsworth","Sorbus.americana","2","0.064","0","1230.22","0","-32.796","-0.055","0.018","-3.034","0.019",NA
"132","farnsworth","Sorbus.americana","4","0.075","0","175.239","0","-5.514","-0.055","0.018","-3.034","0.019",NA
"133","farnsworth","Sorbus.americana","6","0.091","0.001","66.898","0","7.961","-0.055","0.018","-3.034","0.019",NA
"134","farnsworth","Sorbus.americana","8","0.154","0.03","5.054","0.004","42.878","-0.055","0.018","-3.034","0.019",NA
"135","farnsworth","Sorbus.americana","10",NA,NA,NA,NA,"53.547","-0.055","0.018","-3.034","0.019",NA
"136","clarkduke","Prunus.serotina","2","0.053","0.002","26.755","0","1478.751","0.053","0.001","36.641","0","1379.113"
"137","clarkduke","Prunus.serotina","4","0.057","0.002","24.117","0","1509.166","0.059","0.002","35.131","0","1392.997"
"138","clarkduke","Prunus.serotina","6","0.071","0.003","26.334","0","1483.494","0.068","0.002","32.435","0","1418.925"
"139","clarkduke","Prunus.serotina","8","0.09","0.004","20.431","0","1554.586","0.084","0.003","30.776","0","1435.639"
"140","clarkduke","Prunus.serotina","10","0.109","0.01","11.179","0","1679.587","0.108","0.005","22.263","0","1531.595"
"141","clarkduke","Fagus.grandifolia","2","0.072","0.002","46.239","0","738.077","0.061","0.001","57.017","0","686.52"
"142","clarkduke","Fagus.grandifolia","4","0.084","0.002","48.351","0","727.17","0.068","0.001","56.271","0","689.787"
"143","clarkduke","Fagus.grandifolia","6","0.101","0.002","52.46","0","707.131","0.079","0.001","52.542","0","706.748"
"144","clarkduke","Fagus.grandifolia","8","0.151","0.004","39.205","0","777.854","0.099","0.002","46.998","0","734.108"
"145","clarkduke","Fagus.grandifolia","10","0.541","0.356","1.52","0.131","1107.419","0.173","0.004","46.032","0","739.167"
"146","clarkduke","Pinus.taeda","2","0.051","0","112.931","0","29597.002","0.051","0","134.613","0","28607.946"
"147","clarkduke","Pinus.taeda","4","0.054","0.001","95.873","0","30455.027","0.056","0","124.728","0","29045.356"
"148","clarkduke","Pinus.taeda","6","0.062","0.001","94.346","0","30535.365","0.063","0.001","115.932","0","29453.508"
"149","clarkduke","Pinus.taeda","8","0.077","0.001","90.882","0","30719.752","0.076","0.001","110.189","0","29730.065"
"150","clarkduke","Pinus.taeda","10","0.093","0.001","67.372","0","32041.027","0.091","0.001","87.105","0","30924.111"
"151","clarkduke","Acer.rubrum","2","0.055","0","180.074","0","76069.353","0.054","0","221.731","0","72927.296"
"152","clarkduke","Acer.rubrum","4","0.058","0","153.001","0","78337.337","0.059","0","209.753","0","73789.587"
"153","clarkduke","Acer.rubrum","6","0.071","0","168.375","0","77026.924","0.069","0","209.316","0","73821.622"
"154","clarkduke","Acer.rubrum","8","0.095","0.001","143.126","0","79209.608","0.086","0","194.432","0","74940.193"
"155","clarkduke","Acer.rubrum","10","0.128","0.002","81.725","0","85008.239","0.118","0.001","152.092","0","78416.576"
"156","clarkduke","Pinus.sp","2","0.045","0.001","32.189","0","9413.692","0.05","0.001","44.548","0","9010.691"
"157","clarkduke","Pinus.sp","4","0.042","0.002","25.762","0","9624.069","0.056","0.001","42.319","0","9081.785"
"158","clarkduke","Pinus.sp","6","0.052","0.002","26.856","0","9588.786","0.063","0.002","40.076","0","9154.225"
"159","clarkduke","Pinus.sp","8","0.068","0.003","27.091","0","9581.166","0.081","0.002","42.45","0","9077.559"
"160","clarkduke","Pinus.sp","10","0.086","0.004","20.014","0","9801.664","0.096","0.003","30.698","0","9462.963"
"161","clarkduke","Pinus.virginiana","2","0.049","0.004","12.51","0","465.73","0.049","0.004","13.959","0","456.871"
"162","clarkduke","Pinus.virginiana","4","0.054","0.005","11.844","0","469.985","0.054","0.004","13.57","0","459.198"
"163","clarkduke","Pinus.virginiana","6","0.062","0.005","11.591","0","471.635","0.062","0.005","13.623","0","458.878"
"164","clarkduke","Pinus.virginiana","8","0.078","0.007","11.491","0","472.286","0.075","0.006","13.223","0","461.309"
"165","clarkduke","Pinus.virginiana","10","0.1","0.011","8.993","0","489.446","0.092","0.008","11.156","0","474.503"
"166","clarkduke","Quercus.rubra","2","0.043","0.001","31.773","0","6914.547","0.049","0.001","45.016","0","6542.334"
"167","clarkduke","Quercus.rubra","4","0.04","0.002","25.938","0","7084.971","0.054","0.001","41.897","0","6626.805"
"168","clarkduke","Quercus.rubra","6","0.05","0.002","27.677","0","7034.283","0.059","0.002","38.957","0","6708.451"
"169","clarkduke","Quercus.rubra","8","0.066","0.002","27.805","0","7030.535","0.075","0.002","40.837","0","6656.016"
"170","clarkduke","Quercus.rubra","10","0.079","0.004","17.679","0","7315.124","0.093","0.003","32.127","0","6904.244"
"171","clarkduke","Pinus.palustris","2","0.056","0.001","45.626","0","4566.485","0.059","0.001","58.342","0","4349.609"
"172","clarkduke","Pinus.palustris","4","0.06","0.002","37.735","0","4720.18","0.065","0.001","52.225","0","4449.49"
"173","clarkduke","Pinus.palustris","6","0.071","0.002","37.271","0","4729.7","0.074","0.002","47.741","0","4527.883"
"174","clarkduke","Pinus.palustris","8","0.087","0.003","33.963","0","4799.117","0.086","0.002","41.1","0","4652.742"
"175","clarkduke","Pinus.palustris","10","0.101","0.004","23.902","0","5024.108","0.105","0.003","31.702","0","4848.048"
"176","clarkduke","Pinus.strobus","2","0.056","0.002","34.833","0","2888.406","0.056","0.001","43.855","0","2755.097"
"177","clarkduke","Pinus.strobus","4","0.057","0.002","28.569","0","2992.641","0.062","0.002","39.898","0","2811.218"
"178","clarkduke","Pinus.strobus","6","0.067","0.002","27.701","0","3007.858","0.072","0.002","37.111","0","2852.921"
"179","clarkduke","Pinus.strobus","8","0.086","0.003","25.473","0","3047.678","0.086","0.002","34.412","0","2895.108"
"180","clarkduke","Pinus.strobus","10","0.095","0.007","14.18","0","3258.564","0.112","0.004","27.52","0","3011.052"
"181","clarkduke","Nyssa.sylvatica","2","0.045","0.001","62.367","0","12916.198","0.046","0.001","75.232","0","12472.605"
"182","clarkduke","Nyssa.sylvatica","4","0.044","0.001","48.839","0","13425.027","0.049","0.001","69.364","0","12669.813"
"183","clarkduke","Nyssa.sylvatica","6","0.053","0.001","51.787","0","13310.894","0.056","0.001","65.681","0","12797.963"
"184","clarkduke","Nyssa.sylvatica","8","0.067","0.001","48.202","0","13449.885","0.07","0.001","65.485","0","12804.884"
"185","clarkduke","Nyssa.sylvatica","10","0.086","0.003","31.506","0","14109.448","0.092","0.002","52.835","0","13270.696"
"186","clarkduke","Quercus.velutina","2","0.067","0.006","10.754","0","398.82","0.061","0.004","15.05","0","371.797"
"187","clarkduke","Quercus.velutina","4","0.074","0.007","10.003","0","404.029","0.067","0.005","13.834","0","378.971"
"188","clarkduke","Quercus.velutina","6","0.094","0.008","11.964","0","390.728","0.076","0.006","12.238","0","388.954"
"189","clarkduke","Quercus.velutina","8","0.14","0.013","10.652","0","399.522","0.097","0.007","13.142","0","383.213"
"190","clarkduke","Quercus.velutina","10","0.615","0.215","2.86","0.006","453.694","0.169","0.011","14.884","0","372.755"
"191","clarkduke","Liriodendron.tulipifera","2","0.049","0.001","66.201","0","15156.37","0.049","0.001","77.571","0","14732.948"
"192","clarkduke","Liriodendron.tulipifera","4","0.052","0.001","58.176","0","15474.146","0.054","0.001","74.595","0","14840.647"
"193","clarkduke","Liriodendron.tulipifera","6","0.062","0.001","63.461","0","15263.187","0.061","0.001","72.045","0","14934.723"
"194","clarkduke","Liriodendron.tulipifera","8","0.074","0.001","56.818","0","15529.344","0.072","0.001","67.856","0","15092.762"
"195","clarkduke","Liriodendron.tulipifera","10","0.089","0.002","39.544","0","16254.685","0.088","0.002","54.623","0","15619.343"
"196","clarkduke","Quercus.alba","2","0.038","0.001","75.979","0","66585.85","0.044","0","100.029","0","64484.503"
"197","clarkduke","Quercus.alba","4","0.039","0.001","69.45","0","67148.104","0.05","0","103.339","0","64197.605"
"198","clarkduke","Quercus.alba","6","0.054","0.001","83.347","0","65943.205","0.059","0.001","109.798","0","63642.23"
"199","clarkduke","Quercus.alba","8","0.076","0.001","87.843","0","65549.37","0.076","0.001","114.514","0","63241.18"
"200","clarkduke","Quercus.alba","10","0.102","0.002","58.322","0","68075.339","0.101","0.001","99.038","0","64570.652"
"201","clarkduke","Liquidambar.styraciflua","2","0.052","0.001","50.633","0","5983.544","0.051","0.001","59.093","0","5801.193"
"202","clarkduke","Liquidambar.styraciflua","4","0.054","0.001","42.468","0","6176.196","0.056","0.001","55.125","0","5884.586"
"203","clarkduke","Liquidambar.styraciflua","6","0.064","0.001","44.938","0","6116.171","0.064","0.001","52.888","0","5933.264"
"204","clarkduke","Liquidambar.styraciflua","8","0.081","0.002","42.81","0","6167.798","0.078","0.002","51.76","0","5958.251"
"205","clarkduke","Liquidambar.styraciflua","10","0.102","0.004","27.932","0","6555.89","0.099","0.002","41.849","0","6191.493"
"206","clarkduke","Quercus.sp","2","0.05","0.006","8.008","0","163.57","0.051","0.005","11.018","0","153.421"
"207","clarkduke","Quercus.sp","4","0.051","0.008","6.61","0","169.085","0.056","0.005","10.368","0","155.434"
"208","clarkduke","Quercus.sp","6","0.058","0.009","6.244","0","170.616","0.062","0.006","9.703","0","157.59"
"209","clarkduke","Quercus.sp","8","0.069","0.01","6.587","0","169.178","0.069","0.008","9.143","0","159.484"
"210","clarkduke","Quercus.sp","10","0.081","0.017","4.901","0","176.529","0.082","0.011","7.192","0","166.723"
"211","clarkduke","Acer.saccharum","2","0.054","0.001","40.145","0","4599.552","0.053","0.001","45.856","0","4481.569"
"212","clarkduke","Acer.saccharum","4","0.059","0.002","34.878","0","4715.539","0.059","0.001","42.858","0","4542.477"
"213","clarkduke","Acer.saccharum","6","0.072","0.002","35.658","0","4697.942","0.071","0.002","41.711","0","4566.397"
"214","clarkduke","Acer.saccharum","8","0.097","0.004","25.937","0","4925.809","0.092","0.002","38.307","0","4639.273"
"215","clarkduke","Acer.saccharum","10","0.133","0.011","12.067","0","5244.021","0.14","0.005","30.304","0","4821.391"
"216","clarkduke","Cornus.florida","2","0.066","0.004","17.033","0","519.169","0.059","0.003","21.057","0","496.044"
"217","clarkduke","Cornus.florida","4","0.075","0.004","18.92","0","507.895","0.067","0.003","22.441","0","488.841"
"218","clarkduke","Cornus.florida","6","0.088","0.004","20.641","0","498.275","0.077","0.003","22.851","0","486.771"
"219","clarkduke","Cornus.florida","8","0.111","0.006","17.339","0","517.285","0.095","0.004","23.528","0","483.422"
"220","clarkduke","Cornus.florida","10","0.143","0.015","9.568","0","572.289","0.123","0.006","19.305","0","505.69"
"221","clarkduke","Acer.barbatum","2","0.054","0.001","53.778","0","9630.402","0.055","0.001","67.994","0","9215.949"
"222","clarkduke","Acer.barbatum","4","0.055","0.001","42.551","0","9991.983","0.061","0.001","62.302","0","9375.865"
"223","clarkduke","Acer.barbatum","6","0.069","0.002","44.76","0","9918.719","0.072","0.001","60.315","0","9433.572"
"224","clarkduke","Acer.barbatum","8","0.099","0.002","43.621","0","9956.396","0.094","0.002","60.742","0","9421.098"
"225","clarkduke","Acer.barbatum","10","0.143","0.006","24.204","0","10610.653","0.133","0.003","44.897","0","9914.213"
"226","clarkduke","Fraxinus.americana","2","0.047","0.001","65.897","0","12438.852","0.047","0.001","78.858","0","12017.951"
"227","clarkduke","Fraxinus.americana","4","0.048","0.001","56.206","0","12780.689","0.051","0.001","74.383","0","12158.61"
"228","clarkduke","Fraxinus.americana","6","0.056","0.001","59.285","0","12669.603","0.058","0.001","72.909","0","12205.981"
"229","clarkduke","Fraxinus.americana","8","0.069","0.001","56.623","0","12765.532","0.07","0.001","72.861","0","12207.539"
"230","clarkduke","Fraxinus.americana","10","0.09","0.002","41.613","0","13332.845","0.087","0.002","57.846","0","12721.261"
"231","clarkduke","Quercus.phellos","2","0.051","0.002","21.935","0","1748.661","0.053","0.002","29.733","0","1650.597"
"232","clarkduke","Quercus.phellos","4","0.049","0.003","17.402","0","1812.296","0.057","0.002","27.601","0","1675.897"
"233","clarkduke","Quercus.phellos","6","0.057","0.003","18.228","0","1800.405","0.065","0.003","25.862","0","1697.373"
"234","clarkduke","Quercus.phellos","8","0.078","0.004","18.331","0","1798.932","0.08","0.003","26.543","0","1688.871"
"235","clarkduke","Quercus.phellos","10","0.086","0.008","11","0","1905.534","0.099","0.005","19.541","0","1781.748"
"236","clarkduke","Magnolia.grandiflora","2","0.046","0.001","40.996","0","7690.571","0.048","0.001","50.804","0","7418.749"
"237","clarkduke","Magnolia.grandiflora","4","0.044","0.001","31.821","0","7962.408","0.052","0.001","46.473","0","7535.93"
"238","clarkduke","Magnolia.grandiflora","6","0.051","0.002","32.616","0","7938.42","0.059","0.001","44.047","0","7603.577"
"239","clarkduke","Magnolia.grandiflora","8","0.066","0.002","33.439","0","7913.652","0.072","0.002","45.594","0","7560.276"
"240","clarkduke","Magnolia.grandiflora","10","0.077","0.004","21.838","0","8260.101","0.09","0.003","35.201","0","7860.86"
"241","clarkduke","Oxydendrum.arboreum","2","0.054","0.003","20.487","0","1017.306","0.054","0.003","20.28","0","1019.297"
"242","clarkduke","Oxydendrum.arboreum","4","0.055","0.004","15.593","0","1067.345","0.06","0.003","17.941","0","1042.6"
"243","clarkduke","Oxydendrum.arboreum","6","0.066","0.004","16.497","0","1057.66","0.071","0.004","18.202","0","1039.93"
"244","clarkduke","Oxydendrum.arboreum","8","0.08","0.006","13.967","0","1085.203","0.088","0.006","14.946","0","1074.387"
"245","clarkduke","Oxydendrum.arboreum","10","0.127","0.013","10.106","0","1128.944","0.128","0.01","13.133","0","1094.543"
"246","clarkduke","Diospyros.virginiana","2","0.027","0.007","3.578","0.003","144.648","0.035","0.007","5.376","0","136.879"
"247","clarkduke","Diospyros.virginiana","4","0.025","0.008","3.09","0.007","146.762","0.037","0.007","5.023","0","138.366"
"248","clarkduke","Diospyros.virginiana","6","0.029","0.009","3.184","0.006","146.361","0.041","0.008","4.956","0","138.648"
"249","clarkduke","Diospyros.virginiana","8","0.041","0.011","3.639","0.002","144.381","0.051","0.01","5.198","0","137.626"
"250","clarkduke","Diospyros.virginiana","10","0.044","0.015","2.977","0.009","147.246","0.058","0.015","3.96","0.001","142.97"
"251","clarkduke","Juniperus.virginiana","2","0.039","0.004","8.865","0","532.972","0.042","0.004","10.295","0","521.571"
"252","clarkduke","Juniperus.virginiana","4","0.033","0.005","6.373","0","553.12","0.044","0.005","9.116","0","530.944"
"253","clarkduke","Juniperus.virginiana","6","0.039","0.006","6.21","0","554.412","0.051","0.006","8.682","0","534.447"
"254","clarkduke","Juniperus.virginiana","8","0.053","0.009","6.044","0","555.719","0.066","0.008","8.664","0","534.594"
"255","clarkduke","Juniperus.virginiana","10","0.057","0.013","4.291","0","568.72","0.079","0.012","6.812","0","549.609"
"256","clarkduke","Betula.alleghaniensis","2","0.072","0.001","60.117","0","769.12","0.061","0.001","73.709","0","712.631"
"257","clarkduke","Betula.alleghaniensis","4","0.082","0.001","56.715","0","785.117","0.068","0.001","69.647","0","728.409"
"258","clarkduke","Betula.alleghaniensis","6","0.097","0.002","63.589","0","753.632","0.078","0.001","62.401","0","758.839"
"259","clarkduke","Betula.alleghaniensis","8","0.141","0.003","53.374","0","801.706","0.097","0.001","68.449","0","733.228"
"260","clarkduke","Betula.alleghaniensis","10","0.207","0.046","4.453","0","1219.645","0.161","0.003","58.758","0","775.407"
"261","clarkduke","Acer.sp","2","0.037","0.009","4.29","0.023","40.094","0.042","0.009","4.442","0.021","39.793"
"262","clarkduke","Acer.sp","4","0.037","0.01","3.642","0.036","41.466","0.046","0.011","4.203","0.025","40.269"
"263","clarkduke","Acer.sp","6","0.047","0.012","4.092","0.026","40.498","0.057","0.014","3.99","0.028","40.71"
"264","clarkduke","Acer.sp","8","0.074","0.015","5.092","0.015","38.588","0.07","0.015","4.761","0.018","39.185"
"265","clarkduke","Acer.sp","10","0.089","0.034","2.629","0.078","43.943","0.111","0.019","5.764","0.01","37.463"
"266","clarkduke","Carya.ovata","2","0.064","0.007","8.883","0","307.223","0.061","0.004","14.939","0","276.315"
"267","clarkduke","Carya.ovata","4","0.063","0.008","7.745","0","314.059","0.067","0.005","14.129","0","279.932"
"268","clarkduke","Carya.ovata","6","0.081","0.009","8.771","0","307.883","0.075","0.006","12.382","0","288.249"
"269","clarkduke","Carya.ovata","8","0.107","0.014","7.427","0","316.018","0.094","0.007","13.331","0","283.646"
"270","clarkduke","Carya.ovata","10","0.185","0.041","4.472","0","334.537","0.121","0.011","10.596","0","297.534"
"271","clarkduke","Quercus.falcata","2","0.061","0.003","18.755","0","814.917","0.057","0.002","24.968","0","766.51"
"272","clarkduke","Quercus.falcata","4","0.064","0.004","17.013","0","830.169","0.063","0.003","24.472","0","770.055"
"273","clarkduke","Quercus.falcata","6","0.076","0.004","19.728","0","806.73","0.069","0.003","23.145","0","779.797"
"274","clarkduke","Quercus.falcata","8","0.095","0.005","18.654","0","815.78","0.085","0.003","24.868","0","767.215"
"275","clarkduke","Quercus.falcata","10","0.117","0.011","10.486","0","893.579","0.107","0.005","20.203","0","802.826"
"276","clarkduke","Quercus.nigra","2","0.055","0.002","24.974","0","1177.888","0.053","0.002","32.67","0","1110.53"
"277","clarkduke","Quercus.nigra","4","0.056","0.003","20.443","0","1223.933","0.058","0.002","30.656","0","1126.972"
"278","clarkduke","Quercus.nigra","6","0.065","0.003","21.118","0","1216.744","0.065","0.002","28.54","0","1145.114"
"279","clarkduke","Quercus.nigra","8","0.083","0.004","19.525","0","1233.892","0.076","0.003","26.662","0","1162.013"
"280","clarkduke","Quercus.nigra","10","0.096","0.008","11.632","0","1326.869","0.091","0.005","19.146","0","1238.06"
"281","clarkduke","Ilex.opaca","2","0.074","0.027","2.767","0.221","25.801","0.082","0.047","1.745","0.331","28.084"
"282","clarkduke","Ilex.opaca","4","0.085","0.038","2.244","0.267","26.883","0.091","0.065","1.384","0.398","29.065"
"283","clarkduke","Ilex.opaca","6","0.091","0.077","1.189","0.445","29.633","0.092","0.1","0.915","0.528","30.449"
"284","clarkduke","Ilex.opaca","8","0.11","0.083","1.32","0.413","29.25","0.154","0.127","1.207","0.44","29.579"
"285","clarkduke","Ilex.opaca","10","0.339","0.226","1.503","0.374","28.73","0.279","0.293","0.953","0.515","30.337"
"286","clarkduke","Ulmus.sp","2","0.038","0.012","3.08","0.015","89.566","0.047","0.007","6.33","0","79.454"
"287","clarkduke","Ulmus.sp","4","0.039","0.014","2.795","0.023","90.574","0.051","0.008","6.328","0","79.461"
"288","clarkduke","Ulmus.sp","6","0.047","0.015","3.066","0.015","89.617","0.058","0.009","6.525","0","78.945"
"289","clarkduke","Ulmus.sp","8","0.063","0.019","3.392","0.009","88.475","0.068","0.01","7.058","0","77.608"
"290","clarkduke","Ulmus.sp","10","0.103","0.029","3.569","0.007","87.863","0.081","0.016","5.097","0.001","82.923"
"291","clarkduke","Carya.glabra","2","0.057","0.004","15.64","0","303.689","0.052","0.003","18.55","0","292.158"
"292","clarkduke","Carya.glabra","4","0.06","0.004","14.179","0","310.102","0.057","0.003","17.86","0","294.756"
"293","clarkduke","Carya.glabra","6","0.068","0.005","14.994","0","306.468","0.062","0.004","16.416","0","300.462"
"294","clarkduke","Carya.glabra","8","0.079","0.006","12.139","0","319.863","0.073","0.005","16","0","302.179"
"295","clarkduke","Carya.glabra","10","0.092","0.012","7.738","0","344.499","0.087","0.007","12.631","0","317.413"
"296","clarkduke","Quercus.stellata","2","0.045","0.008","5.421","0","283.063","0.049","0.008","6.323","0","277.81"
"297","clarkduke","Quercus.stellata","4","0.05","0.009","5.447","0","282.912","0.056","0.008","6.973","0","274.084"
"298","clarkduke","Quercus.stellata","6","0.064","0.009","7.303","0","272.221","0.061","0.008","7.375","0","271.819"
"299","clarkduke","Quercus.stellata","8","0.078","0.01","7.972","0","268.524","0.075","0.009","8.577","0","265.269"
"300","clarkduke","Quercus.stellata","10","0.098","0.016","5.968","0","279.871","0.093","0.013","7.381","0","271.786"
"301","clarkduke","Carya.sp","2","0.054","0.019","2.784","0.024","94.634","0.06","0.006","10.638","0","74.229"
"302","clarkduke","Carya.sp","4","0.057","0.022","2.565","0.033","95.407","0.067","0.006","10.884","0","73.801"
"303","clarkduke","Carya.sp","6","0.075","0.024","3.171","0.013","93.267","0.075","0.006","12.077","0","71.841"
"304","clarkduke","Carya.sp","8","0.109","0.029","3.808","0.005","91.065","0.091","0.009","10.494","0","74.483"
"305","clarkduke","Carya.sp","10","0.244","0.039","6.317","0","83.51","0.112","0.012","9.67","0","76"
"306","clarkduke","Ilex.vomitoria","2","0.061","0.003","23.075","0","295.011","0.058","0.002","27.146","0","280.768"
"307","clarkduke","Ilex.vomitoria","4","0.064","0.004","16.933","0","321.065","0.064","0.003","23.626","0","292.965"
"308","clarkduke","Ilex.vomitoria","6","0.084","0.004","21.343","0","301.731","0.075","0.003","23.016","0","295.233"
"309","clarkduke","Ilex.vomitoria","8","0.115","0.007","17.427","0","318.719","0.094","0.004","23.983","0","291.659"
"310","clarkduke","Ilex.vomitoria","10","0.201","0.054","3.722","0.001","402.343","0.142","0.009","15.615","0","327.576"
"311","clarkduke","Quercus.coccinea","2","0.057","0.017","3.42","0.019","56.08","0.049","0.016","2.972","0.031","57.399"
"312","clarkduke","Quercus.coccinea","4","0.06","0.021","2.932","0.033","57.518","0.048","0.019","2.556","0.051","58.67"
"313","clarkduke","Quercus.coccinea","6","0.052","0.023","2.213","0.078","59.742","0.045","0.023","2.002","0.102","60.399"
"314","clarkduke","Quercus.coccinea","8","0.063","0.028","2.216","0.077","59.731","0.065","0.025","2.564","0.05","58.645"
"315","clarkduke","Quercus.coccinea","10","0.121","0.074","1.628","0.164","61.542","0.084","0.044","1.881","0.119","60.774"
"316","clarkduke","Pinus.echinata","2","0.056","0.003","16.784","0","387.425","0.058","0.003","17.437","0","384.375"
"317","clarkduke","Pinus.echinata","4","0.062","0.004","14.224","0","400.275","0.064","0.004","15.211","0","395.149"
"318","clarkduke","Pinus.echinata","6","0.071","0.006","12.791","0","408.143","0.076","0.005","14.246","0","400.159"
"319","clarkduke","Pinus.echinata","8","0.086","0.008","10.713","0","420.48","0.091","0.008","11.971","0","412.875"
"320","clarkduke","Pinus.echinata","10","0.119","0.015","8.045","0","437.897","0.128","0.013","9.67","0","427.09"
"321","clarkduke","Pinus.resinosa","2","0.041","0.003","12.675","0","58.675","0.042","0.003","16.005","0","55.051"
"322","clarkduke","Pinus.resinosa","4","0.044","0.004","11.475","0","60.203","0.046","0.003","15.186","0","55.871"
"323","clarkduke","Pinus.resinosa","6","0.051","0.005","11.191","0","60.587","0.055","0.004","13.981","0","57.157"
"324","clarkduke","Pinus.resinosa","8","0.06","0.008","7.924","0","65.754","0.067","0.006","10.898","0","60.991"
"325","clarkduke","Pinus.resinosa","10","0.092","0.015","6.199","0.001","69.252","0.099","0.014","7.304","0","66.935"
"326","clarkduke","Magnolia.virginiana","2","0.073","0","501.378","0","13.983","0.061","0","124.334","0","183.88"
"327","clarkduke","Magnolia.virginiana","4","0.084","0","766.246","0","-37.754","0.068","0","147.145","0","163.396"
"328","clarkduke","Magnolia.virginiana","6","0.099","0","668.262","0","-21.064","0.078","0","202.618","0","124.446"
"329","clarkduke","Magnolia.virginiana","8","0.15","0.001","151.784","0","159.619","0.098","0","371.085","0","50.684"
"330","clarkduke","Magnolia.virginiana","10",NA,NA,NA,NA,"521.785","0.173","0","615.49","0","-11.029"
"331","clarkduke","Carya.tomentosa","2","0.066","0.017","3.934","0.003","89.865","0.061","0.015","4.158","0.002","89.081"
"332","clarkduke","Carya.tomentosa","4","0.069","0.025","2.816","0.02","93.922","0.069","0.018","3.746","0.005","90.536"
"333","clarkduke","Carya.tomentosa","6","0.096","0.029","3.271","0.01","92.257","0.08","0.023","3.452","0.007","91.597"
"334","clarkduke","Carya.tomentosa","8","0.111","0.087","1.273","0.235","99.052","0.109","0.038","2.884","0.018","93.675"
"335","clarkduke","Carya.tomentosa","10",NA,NA,NA,NA,"98.873","0.204","0.074","2.752","0.022","94.156"
"336","clarkduke","Quercus.laurifolia","2","0.073","0","4796923754548618","0","-2396.865","0.061","0","3121438495897223","0","-2362.49"
"337","clarkduke","Quercus.laurifolia","4","0.084","0","13734483184412346","0","-2481.019","0.069","0","2382274098082841","0","-2340.871"
"338","clarkduke","Quercus.laurifolia","6","0.099","0","2020165320185495","0","-2327.681","0.078","0","3140842934525878","0","-2362.986"
"339","clarkduke","Quercus.laurifolia","8","0.15","0","2572154163724782","0","-2347.006","0.098","0","9422528803577640","0","-2450.875"
"340","clarkduke","Quercus.laurifolia","10",NA,NA,NA,NA,"344.172","0.173","0","6465742223257658","0","-2420.748"
"341","clarkduke","Ulmus.americana","2","0.073","0","4796923754548618","0","-2396.865","0.061","0","3121438495897223","0","-2362.49"
"342","clarkduke","Ulmus.americana","4","0.084","0","13734483184412346","0","-2481.019","0.069","0","2382274098082841","0","-2340.871"
"343","clarkduke","Ulmus.americana","6","0.099","0","2020165320185495","0","-2327.681","0.078","0","3140842934525878","0","-2362.986"
"344","clarkduke","Ulmus.americana","8","0.15","0","2572154163724782","0","-2347.006","0.098","0","9422528803577640","0","-2450.875"
"345","clarkduke","Ulmus.americana","10",NA,NA,NA,NA,"344.172","0.173","0","6465742223257658","0","-2420.748"
"346","clarkharvard","Acer.rubrum","2","0.057","0.001","107.62","0","33887.495","0.06","0","188.175","0","30265.666"
"347","clarkharvard","Acer.rubrum","4","0.071","0.001","127.858","0","32844.11","0.067","0","176.291","0","30719.303"
"348","clarkharvard","Acer.rubrum","6","0.083","0.001","111.501","0","33679.564","0.079","0","168.765","0","31019.081"
"349","clarkharvard","Acer.rubrum","8","0.106","0.001","84.571","0","35198.373","0.096","0.001","136.249","0","32440.348"
"350","clarkharvard","Acer.rubrum","10","0.129","0.003","45.073","0","37621.06","0.131","0.001","97.179","0","34465.52"
"351","clarkharvard","Acer.saccharum","2","0.058","0.002","23.75","0","1469.757","0.06","0.002","36.477","0","1346.186"
"352","clarkharvard","Acer.saccharum","4","0.072","0.002","28.927","0","1415.166","0.067","0.002","33.825","0","1369.114"
"353","clarkharvard","Acer.saccharum","6","0.085","0.003","24.787","0","1458.298","0.079","0.002","32.333","0","1382.614"
"354","clarkharvard","Acer.saccharum","8","0.112","0.006","19.859","0","1515.159","0.097","0.004","26.51","0","1439.854"
"355","clarkharvard","Acer.saccharum","10","0.141","0.014","9.998","0","1642.413","0.127","0.007","18.758","0","1528.686"
"356","clarkharvard","Liquidambar.styraciflua","2","0.051","0.002","22.406","0","1237.099","0.052","0.002","34.273","0","1134.723"
"357","clarkharvard","Liquidambar.styraciflua","4","0.061","0.002","27.608","0","1188.508","0.058","0.002","32.693","0","1146.718"
"358","clarkharvard","Liquidambar.styraciflua","6","0.07","0.003","25.364","0","1208.691","0.066","0.002","32.581","0","1147.58"
"359","clarkharvard","Liquidambar.styraciflua","8","0.085","0.004","21.283","0","1248.452","0.079","0.003","28.555","0","1180.332"
"360","clarkharvard","Liquidambar.styraciflua","10","0.112","0.008","14.939","0","1318.397","0.101","0.004","23.2","0","1229.263"
"361","clarkharvard","Liriodendron.tulipifera","2","0.053","0.002","34.95","0","3113.275","0.054","0.001","57.093","0","2819.852"
"362","clarkharvard","Liriodendron.tulipifera","4","0.063","0.001","42.629","0","2999.868","0.06","0.001","53.962","0","2855.599"
"363","clarkharvard","Liriodendron.tulipifera","6","0.072","0.002","38.158","0","3064.188","0.07","0.001","53.169","0","2864.909"
"364","clarkharvard","Liriodendron.tulipifera","8","0.086","0.003","30.301","0","3188.918","0.083","0.002","44.92","0","2968.642"
"365","clarkharvard","Liriodendron.tulipifera","10","0.102","0.005","18.64","0","3399.758","0.105","0.003","32.136","0","3158.412"
"366","clarkharvard","Fagus.grandifolia","2","0.049","0.003","17.401","0","358.535","0.05","0.002","22.63","0","336.812"
"367","clarkharvard","Fagus.grandifolia","4","0.059","0.003","23.038","0","335.297","0.055","0.002","22.111","0","338.772"
"368","clarkharvard","Fagus.grandifolia","6","0.068","0.003","21.877","0","339.672","0.063","0.003","24.173","0","331.195"
"369","clarkharvard","Fagus.grandifolia","8","0.079","0.005","16.591","0","362.341","0.076","0.003","22.671","0","336.66"
"370","clarkharvard","Fagus.grandifolia","10","0.104","0.01","10.877","0","393.462","0.097","0.006","17.287","0","359.062"
"371","clarkharvard","Betula.sp","2","0.049","0.001","49.062","0","6363.492","0.052","0.001","77.292","0","5819.062"
"372","clarkharvard","Betula.sp","4","0.06","0.001","59.694","0","6138.344","0.057","0.001","71.652","0","5914.94"
"373","clarkharvard","Betula.sp","6","0.068","0.001","53.781","0","6260.235","0.066","0.001","69.807","0","5947.544"
"374","clarkharvard","Betula.sp","8","0.08","0.002","42.923","0","6506.096","0.078","0.001","59.817","0","6135.895"
"375","clarkharvard","Betula.sp","10","0.095","0.003","27.972","0","6888.837","0.095","0.002","43.326","0","6496.445"
"376","clarkharvard","Pinus.strobus","2","0.049","0.001","53.99","0","11551.425","0.053","0.001","102.349","0","10201.379"
"377","clarkharvard","Pinus.strobus","4","0.06","0.001","63.861","0","11231.436","0.059","0.001","97.434","0","10315.894"
"378","clarkharvard","Pinus.strobus","6","0.068","0.001","58.215","0","11411.507","0.067","0.001","95.653","0","10358.486"
"379","clarkharvard","Pinus.strobus","8","0.08","0.002","46.965","0","11793.116","0.079","0.001","76.229","0","10864.55"
"380","clarkharvard","Pinus.strobus","10","0.086","0.004","23.411","0","12631.298","0.1","0.002","53.301","0","11574.627"
"381","clarkharvard","Pinus.resinosa","2","0.05","0.002","32.686","0","2906.684","0.051","0.001","59.831","0","2561.842"
"382","clarkharvard","Pinus.resinosa","4","0.06","0.001","40.959","0","2785.469","0.057","0.001","57.507","0","2586.109"
"383","clarkharvard","Pinus.resinosa","6","0.068","0.002","37.589","0","2832.871","0.065","0.001","59.105","0","2569.337"
"384","clarkharvard","Pinus.resinosa","8","0.08","0.003","31.737","0","2921.667","0.076","0.001","51.119","0","2657.142"
"385","clarkharvard","Pinus.resinosa","10","0.096","0.005","18.239","0","3156.549","0.098","0.002","39.694","0","2802.944"
"386","clarkharvard","Quercus.alba","2","0.051","0.001","41.819","0","5478.461","0.055","0.001","63.265","0","5053.509"
"387","clarkharvard","Quercus.alba","4","0.062","0.001","52.097","0","5261.368","0.061","0.001","60.103","0","5109.623"
"388","clarkharvard","Quercus.alba","6","0.071","0.001","49.238","0","5319.16","0.07","0.001","60.699","0","5098.886"
"389","clarkharvard","Quercus.alba","8","0.086","0.002","40.834","0","5500.666","0.084","0.002","52.809","0","5247.286"
"390","clarkharvard","Quercus.alba","10","0.111","0.004","28.782","0","5789.929","0.106","0.003","40.789","0","5501.674"
"391","clarkharvard","Betula.lenta","2","0.048","0.001","42.655","0","4331.706","0.053","0.001","65.354","0","3973.303"
"392","clarkharvard","Betula.lenta","4","0.059","0.001","53.744","0","4143.309","0.058","0.001","61.28","0","4030.139"
"393","clarkharvard","Betula.lenta","6","0.067","0.001","51.344","0","4181.739","0.066","0.001","62.594","0","4011.497"
"394","clarkharvard","Betula.lenta","8","0.081","0.002","43.8","0","4310.928","0.079","0.001","55.075","0","4122.507"
"395","clarkharvard","Betula.lenta","10","0.104","0.003","30.201","0","4578.674","0.096","0.002","41.044","0","4361.493"
"396","clarkharvard","Quercus.rubra","2","0.052","0.001","39.352","0","5510.285","0.056","0.001","66.802","0","4960.761"
"397","clarkharvard","Quercus.rubra","4","0.065","0.001","49.464","0","5287.231","0.062","0.001","64.304","0","5003.856"
"398","clarkharvard","Quercus.rubra","6","0.076","0.002","46.929","0","5340.744","0.073","0.001","65.455","0","4983.85"
"399","clarkharvard","Quercus.rubra","8","0.095","0.003","37.574","0","5552.116","0.088","0.002","53.682","0","5201.617"
"400","clarkharvard","Quercus.rubra","10","0.119","0.006","20.711","0","5973.995","0.114","0.003","39.164","0","5514.683"
"401","clarkharvard","Pinus.taeda","2","0.05","0.003","15.704","0","752.437","0.052","0.002","28.269","0","668.766"
"402","clarkharvard","Pinus.taeda","4","0.06","0.003","19.648","0","722.452","0.058","0.002","27.379","0","673.677"
"403","clarkharvard","Pinus.taeda","6","0.068","0.004","18.395","0","731.564","0.066","0.002","27.054","0","675.498"
"404","clarkharvard","Pinus.taeda","8","0.08","0.005","15.429","0","754.676","0.077","0.004","22.033","0","706.116"
"405","clarkharvard","Pinus.taeda","10","0.097","0.01","9.655","0","805.664","0.097","0.006","15.482","0","754.243"
"406","clarkharvard","Pinus.palustris","2","0.056","0.007","8.1","0","174.014","0.053","0.004","12.833","0","158.382"
"407","clarkharvard","Pinus.palustris","4","0.061","0.008","8.023","0","174.315","0.058","0.005","12.418","0","159.564"
"408","clarkharvard","Pinus.palustris","6","0.069","0.009","7.443","0","176.622","0.066","0.005","12.14","0","160.374"
"409","clarkharvard","Pinus.palustris","8","0.078","0.014","5.697","0","184.118","0.075","0.008","8.95","0","170.818"
"410","clarkharvard","Pinus.palustris","10","0.093","0.027","3.501","0.003","194.346","0.092","0.015","6.296","0","181.456"
"411","clarkharvard","Betula.alleghaniensis","2","0.052","0.002","26.625","0","2187.746","0.057","0.001","43.624","0","1989.249"
"412","clarkharvard","Betula.alleghaniensis","4","0.065","0.002","32.953","0","2106.259","0.064","0.002","39.909","0","2027.37"
"413","clarkharvard","Betula.alleghaniensis","6","0.075","0.003","29.138","0","2154.198","0.073","0.002","39.195","0","2035.002"
"414","clarkharvard","Betula.alleghaniensis","8","0.089","0.004","23.531","0","2231.22","0.087","0.003","33.63","0","2098.112"
"415","clarkharvard","Betula.alleghaniensis","10","0.104","0.007","14.523","0","2368.72","0.108","0.004","24.748","0","2213.839"
"416","clarkharvard","Betula.papyrifera","2","0.052","0.001","43.982","0","4783.127","0.055","0.001","65.148","0","4425.226"
"417","clarkharvard","Betula.papyrifera","4","0.064","0.001","53.225","0","4614.991","0.061","0.001","60.951","0","4488.874"
"418","clarkharvard","Betula.papyrifera","6","0.074","0.002","47.431","0","4718.032","0.072","0.001","59.183","0","4516.658"
"419","clarkharvard","Betula.papyrifera","8","0.089","0.002","37.764","0","4907.934","0.086","0.002","51.265","0","4648.99"
"420","clarkharvard","Betula.papyrifera","10","0.112","0.004","25.079","0","5190.081","0.109","0.003","39.15","0","4879.269"
"421","clarkharvard","Fraxinus.americana","2","0.05","0.002","21.377","0","1368.173","0.056","0.001","40.304","0","1201.492"
"422","clarkharvard","Fraxinus.americana","4","0.063","0.002","26.224","0","1318.19","0.062","0.002","37.003","0","1225.658"
"423","clarkharvard","Fraxinus.americana","6","0.071","0.003","23.808","0","1342.379","0.071","0.002","36.081","0","1232.716"
"424","clarkharvard","Fraxinus.americana","8","0.086","0.004","19.252","0","1391.931","0.084","0.003","28.862","0","1293.346"
"425","clarkharvard","Fraxinus.americana","10","0.108","0.009","11.651","0","1484.551","0.105","0.005","19.866","0","1384.946"
"426","clarkharvard","Acer.barbatum","2","0.052","0.003","16.35","0","802.028","0.054","0.002","25.118","0","738.024"
"427","clarkharvard","Acer.barbatum","4","0.064","0.003","20.495","0","769.566","0.06","0.003","23.57","0","748.093"
"428","clarkharvard","Acer.barbatum","6","0.074","0.004","19.153","0","779.61","0.069","0.003","22.978","0","752.064"
"429","clarkharvard","Acer.barbatum","8","0.092","0.006","15.787","0","806.765","0.083","0.004","19.912","0","773.883"
"430","clarkharvard","Acer.barbatum","10","0.123","0.011","10.811","0","851.943","0.105","0.007","14.942","0","814.04"
"431","clarkharvard","Pinus.sp","2","0.05","0.003","17.675","0","2551.392","0.059","0.001","46.62","0","2147.485"
"432","clarkharvard","Pinus.sp","4","0.06","0.003","20.018","0","2511.976","0.065","0.002","42.023","0","2199.182"
"433","clarkharvard","Pinus.sp","6","0.065","0.004","17.504","0","2554.289","0.074","0.002","40.688","0","2214.964"
"434","clarkharvard","Pinus.sp","8","0.066","0.005","13.346","0","2624.242","0.085","0.003","28.746","0","2374.04"
"435","clarkharvard","Pinus.sp","10","0.052","0.008","6.295","0","2726.028","0.105","0.005","20.191","0","2509.092"
"436","clarkharvard","Nyssa.sylvatica","2","0.056","0.003","18.695","0","1144.649","0.056","0.002","35.658","0","1006.658"
"437","clarkharvard","Nyssa.sylvatica","4","0.068","0.003","24.108","0","1093.848","0.063","0.002","33.152","0","1023.52"
"438","clarkharvard","Nyssa.sylvatica","6","0.08","0.004","22.451","0","1108.634","0.073","0.002","33.534","0","1020.885"
"439","clarkharvard","Nyssa.sylvatica","8","0.099","0.006","17.529","0","1156.556","0.089","0.003","27.213","0","1067.837"
"440","clarkharvard","Nyssa.sylvatica","10","0.124","0.014","9.192","0","1248.968","0.118","0.006","18.702","0","1144.583"
"441","clarkharvard","Quercus.nigra","2","0.053","0.005","11.302","0","314.374","0.061","0.003","20.417","0","277.47"
"442","clarkharvard","Quercus.nigra","4","0.065","0.005","13.652","0","303.237","0.068","0.004","19.323","0","281.118"
"443","clarkharvard","Quercus.nigra","6","0.075","0.006","12.829","0","306.988","0.079","0.004","19.219","0","281.476"
"444","clarkharvard","Quercus.nigra","8","0.092","0.009","10.314","0","319.476","0.097","0.006","16.342","0","292.007"
"445","clarkharvard","Quercus.nigra","10","0.128","0.018","7.239","0","336.946","0.133","0.011","11.793","0","311.939"
"446","clarkharvard","Quercus.velutina","2","0.057","0.011","5.04","0","174.666","0.06","0.005","11.211","0","151.61"
"447","clarkharvard","Quercus.velutina","4","0.074","0.011","6.966","0","166.398","0.067","0.006","10.894","0","152.566"
"448","clarkharvard","Quercus.velutina","6","0.085","0.014","6.272","0","169.267","0.078","0.007","11.123","0","151.875"
"449","clarkharvard","Quercus.velutina","8","0.111","0.024","4.684","0","176.286","0.096","0.011","8.743","0","159.653"
"450","clarkharvard","Quercus.velutina","10","0.111","0.048","2.342","0.032","186.72","0.123","0.02","6.079","0","170.086"
"451","clarkharvard","Magnolia.grandiflora","2","0.051","0.004","12.11","0","460.566","0.052","0.002","22.245","0","406.729"
"452","clarkharvard","Magnolia.grandiflora","4","0.062","0.004","14.977","0","443.005","0.058","0.003","21.288","0","410.94"
"453","clarkharvard","Magnolia.grandiflora","6","0.069","0.005","14.316","0","446.87","0.066","0.003","22.24","0","406.751"
"454","clarkharvard","Magnolia.grandiflora","8","0.081","0.007","12.349","0","459.026","0.077","0.004","18.667","0","423.277"
"455","clarkharvard","Magnolia.grandiflora","10","0.1","0.014","7.221","0","495.039","0.103","0.007","14.143","0","447.9"
"456","clarkharvard","Prunus.serotina","2","0.068","0.004","17.323","0","213.259","0.065","0.004","17.372","0","213.118"
"457","clarkharvard","Prunus.serotina","4","0.077","0.005","15.325","0","219.307","0.073","0.005","15.588","0","218.474"
"458","clarkharvard","Prunus.serotina","6","0.087","0.007","11.673","0","232.189","0.085","0.006","13.905","0","224.006"
"459","clarkharvard","Prunus.serotina","8","0.105","0.013","8.19","0","247.319","0.105","0.01","10.96","0","235.034"
"460","clarkharvard","Prunus.serotina","10","0.148","0.025","5.92","0","258.863","0.142","0.016","8.832","0","244.292"
"461","clarkharvard","Magnolia.virginiana","2","0.044","0.005","9.58","0","218.324","0.048","0.003","14.853","0","198.875"
"462","clarkharvard","Magnolia.virginiana","4","0.052","0.004","11.743","0","209.607","0.053","0.004","14.263","0","200.77"
"463","clarkharvard","Magnolia.virginiana","6","0.059","0.005","11.537","0","210.388","0.061","0.004","15.86","0","195.78"
"464","clarkharvard","Magnolia.virginiana","8","0.069","0.007","10.123","0","216.027","0.074","0.005","15.27","0","197.572"
"465","clarkharvard","Magnolia.virginiana","10","0.085","0.011","7.471","0","227.996","0.091","0.008","11.235","0","211.55"
"466","clarkharvard","Quercus.sp","2","0.047","0.005","9.343","0","387.065","0.055","0.003","19.596","0","335.559"
"467","clarkharvard","Quercus.sp","4","0.059","0.005","11.808","0","372.4","0.06","0.003","18.002","0","342.093"
"468","clarkharvard","Quercus.sp","6","0.066","0.006","10.544","0","379.722","0.068","0.004","17.256","0","345.31"
"469","clarkharvard","Quercus.sp","8","0.078","0.009","8.522","0","392.281","0.079","0.006","13.435","0","363.58"
"470","clarkharvard","Quercus.sp","10","0.097","0.018","5.311","0","413.6","0.103","0.01","10.381","0","380.696"
"471","clarkharvard","Quercus.falcata","2","0.057","0.012","4.697","0.009","57.367","0.05","0.008","5.893","0.004","54.989"
"472","clarkharvard","Quercus.falcata","4","0.062","0.011","5.818","0.004","55.128","0.055","0.01","5.628","0.005","55.482"
"473","clarkharvard","Quercus.falcata","6","0.072","0.013","5.614","0.005","55.509","0.064","0.011","6.059","0.004","54.69"
"474","clarkharvard","Quercus.falcata","8","0.09","0.018","5.126","0.007","56.466","0.077","0.013","5.923","0.004","54.936"
"475","clarkharvard","Quercus.falcata","10","0.113","0.039","2.884","0.045","61.864","0.094","0.027","3.527","0.024","60.131"
"476","clarkharvard","Acer.sp","2","0.075","0.011","6.885","0","156.104","0.066","0.005","13.209","0","137.223"
"477","clarkharvard","Acer.sp","4","0.088","0.01","8.487","0","150.45","0.075","0.006","13.101","0","137.481"
"478","clarkharvard","Acer.sp","6","0.105","0.013","8.31","0","151.04","0.087","0.007","12.811","0","138.178"
"479","clarkharvard","Acer.sp","8","0.151","0.022","6.928","0","155.943","0.108","0.012","9.249","0","147.997"
"480","clarkharvard","Acer.sp","10","0.269","0.102","2.646","0.018","173.826","0.163","0.025","6.466","0","157.699"
"481","clarkharvard","Prunus.pensylvanica","2","0.067","0.007","10.035","0","281.764","0.067","0.004","16.408","0","255.952"
"482","clarkharvard","Prunus.pensylvanica","4","0.083","0.007","11.413","0","275.398","0.077","0.005","15.491","0","259.155"
"483","clarkharvard","Prunus.pensylvanica","6","0.098","0.01","9.329","0","285.215","0.09","0.006","14.454","0","262.955"
"484","clarkharvard","Prunus.pensylvanica","8","0.119","0.017","7.028","0","297.374","0.112","0.009","12.754","0","269.66"
"485","clarkharvard","Prunus.pensylvanica","10","0.136","0.035","3.913","0.001","315.059","0.163","0.015","11.217","0","276.278"
"486","clarkharvard","Prunus.sp","2","0.092","0","4785074604081150","0","-251.59","0.098","0","Inf","0","-Inf"
"487","clarkharvard","Prunus.sp","4","0.112","0","4785074604081150","0","-251.59","0.125","0","1595024868027050","0","-242.801"
"488","clarkharvard","Prunus.sp","6","0.193","0","4785074604081150","0","-251.59","0.266","0","9570149208162300","0","-257.135"
"489","clarkharvard","Prunus.sp","8",NA,NA,NA,NA,"32.472","0.506","0","Inf","0","-Inf"
"490","clarkharvard","Prunus.sp","10",NA,NA,NA,NA,"32.472","1.514","0","3190049736054100","0","-248.346"
"491","sherry","Panicum.virgatum","2","0.029","0.002","16.895","0","668.711","0.014","0.001","9.783","0","743.202"
"492","sherry","Panicum.virgatum","4","0.029","0.002","14.911","0","686.177","0.015","0.002","9.719","0","743.835"
"493","sherry","Panicum.virgatum","6","0.032","0.002","15.321","0","682.485","0.016","0.002","9.909","0","741.943"
"494","sherry","Panicum.virgatum","8","0.03","0.002","12.335","0","710.258","0.018","0.002","10.165","0","739.406"
"495","sherry","Panicum.virgatum","10","0.034","0.003","12.486","0","708.803","0.017","0.002","9.255","0","748.452"
"496","sherry","Achillea.millefolium","2","0.034","0.003","12.486","0",NA,"0.017","0.002","9.255","0",NA
"497","sherry","Achillea.millefolium","4","0.034","0.003","12.486","0",NA,"0.017","0.002","9.255","0",NA
"498","sherry","Achillea.millefolium","6","0.034","0.003","12.486","0",NA,"0.017","0.002","9.255","0",NA
"499","sherry","Achillea.millefolium","8","0.034","0.003","12.486","0",NA,"0.017","0.002","9.255","0",NA
"500","sherry","Achillea.millefolium","10","0.034","0.003","12.486","0",NA,"0.017","0.002","9.255","0",NA
"501","sherry","Erigeron.strigosus","2","0.034","0.003","12.486","0",NA,"0.017","0.002","9.255","0",NA
"502","sherry","Erigeron.strigosus","4","0.034","0.003","12.486","0",NA,"0.017","0.002","9.255","0",NA
"503","sherry","Erigeron.strigosus","6","0.034","0.003","12.486","0",NA,"0.017","0.002","9.255","0",NA
"504","sherry","Erigeron.strigosus","8","0.034","0.003","12.486","0",NA,"0.017","0.002","9.255","0",NA
"505","sherry","Erigeron.strigosus","10","0.034","0.003","12.486","0",NA,"0.017","0.002","9.255","0",NA
"506","sherry","Ambrosia.psilostchya","2","0.014","0.001","11.178","0","1681.887","0.008","0.001","9.731","0","1424.845"
"507","sherry","Ambrosia.psilostchya","4","0.014","0.001","10.132","0","1697.08","0.008","0.001","9.224","0","1431.538"
"508","sherry","Ambrosia.psilostchya","6","0.014","0.001","9.555","0","1705.216","0.008","0.001","8.788","0","1437.165"
"509","sherry","Ambrosia.psilostchya","8","0.012","0.001","8.12","0","1724.428","0.008","0.001","8.351","0","1442.696"
"510","sherry","Ambrosia.psilostchya","10","0.011","0.002","6.426","0","1744.712","0.007","0.001","7.414","0","1454.059"
"511","sherry","Schizachyrium.scoparium","2","0.013","0.001","11.625","0","2286.814","0.009","0.001","9.805","0","2132.567"
"512","sherry","Schizachyrium.scoparium","4","0.013","0.001","10.672","0","2302.191","0.008","0.001","9.025","0","2143.927"
"513","sherry","Schizachyrium.scoparium","6","0.013","0.001","10.012","0","2312.475","0.008","0.001","8.295","0","2154.071"
"514","sherry","Schizachyrium.scoparium","8","0.01","0.001","8.207","0","2338.701","0.008","0.001","7.552","0","2163.847"
"515","sherry","Schizachyrium.scoparium","10","0.007","0.001","5.583","0","2370.26","0.006","0.001","6.09","0","2181.164"
"516","sherry","Andropogon.gerardii","2","0.033","0.001","29.32","0","2202.814","0.022","0.001","19.793","0","2265.36"
"517","sherry","Andropogon.gerardii","4","0.035","0.001","26.932","0","2237.71","0.022","0.001","18.25","0","2290.355"
"518","sherry","Andropogon.gerardii","6","0.037","0.001","25.533","0","2258.817","0.023","0.001","17.259","0","2306.545"
"519","sherry","Andropogon.gerardii","8","0.036","0.002","21.555","0","2321.36","0.024","0.001","16.08","0","2325.884"
"520","sherry","Andropogon.gerardii","10","0.036","0.002","17.451","0","2388.914","0.022","0.002","13.406","0","2369.461"
"521","ellison","Quercus.rubra","2","0.073","0.001","71.225","0","1212.093","0.055","0.001","44.695","0","1312.237"
"522","ellison","Quercus.rubra","4","0.086","0.001","63.288","0","1246.186","0.062","0.002","41.269","0","1333.833"
"523","ellison","Quercus.rubra","6","0.107","0.002","49.873","0","1313.988","0.072","0.002","37.721","0","1357.855"
"524","ellison","Quercus.rubra","8","0.157","0.004","35.126","0","1410.237","0.086","0.003","29.263","0","1423.375"
"525","ellison","Quercus.rubra","10","0.426","0.034","12.403","0","1637.296","0.113","0.006","20.416","0","1507.868"
"526","ellison","Acer.rubrum","2","0.073","0.001","70.98","0","897.966","0.055","0.001","43.792","0","982.432"
"527","ellison","Acer.rubrum","4","0.085","0.001","67.525","0","908.987","0.062","0.001","42.339","0","989.506"
"528","ellison","Acer.rubrum","6","0.106","0.002","54.272","0","956.906","0.071","0.002","40.535","0","998.598"
"529","ellison","Acer.rubrum","8","0.157","0.004","38.92","0","1028.241","0.086","0.003","31.702","0","1048.865"
"530","ellison","Acer.rubrum","10","0.452","0.037","12.184","0","1235.612","0.115","0.005","22.091","0","1118.1"
"531","ellison","Acer.pensylvanicum","2","0.075","0.002","32.001","0","161.868","0.057","0.003","18.85","0","182.399"
"532","ellison","Acer.pensylvanicum","4","0.088","0.003","33.021","0","160.634","0.064","0.003","18.499","0","183.112"
"533","ellison","Acer.pensylvanicum","6","0.111","0.004","29.703","0","164.793","0.074","0.004","17.084","0","186.125"
"534","ellison","Acer.pensylvanicum","8","0.167","0.007","22.754","0","175.175","0.09","0.007","13.823","0","193.993"
"535","ellison","Acer.pensylvanicum","10","0.495","0.117","4.243","0","229.173","0.125","0.012","10.432","0","203.99"
"536","ellison","Viburnum.cassinoides","2","0.081","0.001","72.926","0","754.415","0.063","0.001","50.911","0","810.765"
"537","ellison","Viburnum.cassinoides","4","0.095","0.001","70.2","0","761.452","0.071","0.001","48.138","0","820.809"
"538","ellison","Viburnum.cassinoides","6","0.125","0.002","62.19","0","783.757","0.084","0.002","43.543","0","838.691"
"539","ellison","Viburnum.cassinoides","8","0.197","0.004","46.771","0","835.661","0.105","0.003","35.106","0","876.486"
"540","ellison","Viburnum.cassinoides","10","0.627","0.054","11.619","0","1052.499","0.152","0.006","24.532","0","936.677"
"541","ellison","Prunus.serotina","2","0.079","0.002","40.311","0","301.916","0.063","0.002","40.961","0","300.757"
"542","ellison","Prunus.serotina","4","0.094","0.003","37.199","0","307.726","0.072","0.002","39.097","0","304.13"
"543","ellison","Prunus.serotina","6","0.121","0.004","30.684","0","321.547","0.085","0.002","34.891","0","312.341"
"544","ellison","Prunus.serotina","8","0.19","0.008","22.948","0","342.015","0.111","0.004","29.234","0","324.995"
"545","ellison","Prunus.serotina","10","0.826","0.072","11.457","0","387.053","0.168","0.009","18.855","0","355.458"
"546","ellison","Betula.lenta","2","0.076","0.002","38.724","0","217.783","0.057","0.003","20.9","0","239.904"
"547","ellison","Betula.lenta","4","0.089","0.003","35.035","0","223.284","0.065","0.003","19.708","0","242.894"
"548","ellison","Betula.lenta","6","0.115","0.004","29.279","0","233.085","0.076","0.004","17.94","0","247.634"
"549","ellison","Betula.lenta","8","0.179","0.008","22.341","0","247.644","0.094","0.007","13.649","0","261.014"
"550","ellison","Betula.lenta","10","0.492","0.09","5.461","0","310.407","0.13","0.014","9.087","0","279.241"
"551","ellison","Fagus.grandifolia","2","0.072","0.001","48.529","0","152.916","0.056","0.002","29.903","0","172.98"
"552","ellison","Fagus.grandifolia","4","0.086","0.002","44.06","0","156.938","0.064","0.002","28.677","0","174.701"
"553","ellison","Fagus.grandifolia","6","0.109","0.004","28.084","0","175.558","0.077","0.003","27.045","0","177.102"
"554","ellison","Fagus.grandifolia","8","0.168","0.009","19.51","0","190.333","0.095","0.005","20.459","0","188.431"
"555","ellison","Fagus.grandifolia","10","0.527","0.096","5.461","0","234.485","0.144","0.01","14.336","0","202.443"
"556","ellison","Vaccinium.sp","2","0.084","0.003","29.118","0","260.022","0.067","0.002","34.014","0","250.955"
"557","ellison","Vaccinium.sp","4","0.102","0.004","25.78","0","267.065","0.078","0.002","32.017","0","254.494"
"558","ellison","Vaccinium.sp","6","0.132","0.006","20.651","0","279.706","0.093","0.003","28.405","0","261.46"
"559","ellison","Vaccinium.sp","8","0.205","0.014","15.1","0","296.922","0.124","0.006","22.196","0","275.627"
"560","ellison","Vaccinium.sp","10","0.883","0.073","12.092","0","308.469","0.205","0.014","14.433","0","299.324"
"561","dunne","Mertensiana.fusiformis","2","0.102","0.003","33.898","0","3788.773","0.205","0.014","14.433","0",NA
"562","dunne","Mertensiana.fusiformis","4","0.132","0.004","32.267","0","3824.022","0.205","0.014","14.433","0",NA
"563","dunne","Mertensiana.fusiformis","6","0.185","0.007","26.658","0","3949.366","0.205","0.014","14.433","0",NA
"564","dunne","Mertensiana.fusiformis","8","0.635","0.084","7.601","0","4346.256","0.205","0.014","14.433","0",NA
"565","dunne","Mertensiana.fusiformis","10",NA,NA,NA,NA,"4399.294","0.205","0.014","14.433","0",NA
"566","dunne","Delphinium.nuttallianum","2","0.058","0.002","26.032","0","7542.657","0.205","0.014","14.433","0",NA
"567","dunne","Delphinium.nuttallianum","4","0.079","0.003","29.101","0","7445.715","0.205","0.014","14.433","0",NA
"568","dunne","Delphinium.nuttallianum","6","0.12","0.003","36.469","0","7210.988","0.205","0.014","14.433","0",NA
"569","dunne","Delphinium.nuttallianum","8","0.184","0.014","12.698","0","7912.928","0.205","0.014","14.433","0",NA
"570","dunne","Delphinium.nuttallianum","10","3.052","1.241","2.46","0.014","8056.831","0.205","0.014","14.433","0",NA
"571","dunne","Helianthella.quinquenervis","2","0.052","0.003","19.644","0","2111.887","0.205","0.014","14.433","0",NA
"572","dunne","Helianthella.quinquenervis","4","0.063","0.003","19.314","0","2117.26","0.205","0.014","14.433","0",NA
"573","dunne","Helianthella.quinquenervis","6","0.083","0.005","18.185","0","2135.738","0.205","0.014","14.433","0",NA
"574","dunne","Helianthella.quinquenervis","8","0.05","0.012","4.229","0","2335.566","0.205","0.014","14.433","0",NA
"575","dunne","Helianthella.quinquenervis","10","-0.083","0.176","-0.47","0.639","2352.784","0.205","0.014","14.433","0",NA
"576","dunne","Artemisia.tridentata","2","0.014","0.002","9.318","0","6834.913","0.205","0.014","14.433","0",NA
"577","dunne","Artemisia.tridentata","4","0.016","0.002","8.258","0","6852.026","0.205","0.014","14.433","0",NA
"578","dunne","Artemisia.tridentata","6","0.017","0.003","6.738","0","6873.45","0.205","0.014","14.433","0",NA
"579","dunne","Artemisia.tridentata","8","0.002","0.004","0.449","0.653","6917.581","0.205","0.014","14.433","0",NA
"580","dunne","Artemisia.tridentata","10","0.075","0.026","2.908","0.004","6909.348","0.205","0.014","14.433","0",NA
"581","dunne","Potentilla.hippiana","2","0.054","0.002","25.69","0","4077.901","0.205","0.014","14.433","0",NA
"582","dunne","Potentilla.hippiana","4","0.066","0.003","25.415","0","4084.134","0.205","0.014","14.433","0",NA
"583","dunne","Potentilla.hippiana","6","0.086","0.004","23.463","0","4128.563","0.205","0.014","14.433","0",NA
"584","dunne","Potentilla.hippiana","8","0.026","0.009","3.05","0.002","4495.613","0.205","0.014","14.433","0",NA
"585","dunne","Potentilla.hippiana","10","-0.126","0.161","-0.782","0.434","4504.254","0.205","0.014","14.433","0",NA
"586","dunne","Erigeron.speciosus","2","0.027","0.002","17.978","0","7972.552","0.205","0.014","14.433","0",NA
"587","dunne","Erigeron.speciosus","4","0.033","0.002","18.237","0","7965.419","0.205","0.014","14.433","0",NA
"588","dunne","Erigeron.speciosus","6","0.043","0.002","18.751","0","7951.108","0.205","0.014","14.433","0",NA
"589","dunne","Erigeron.speciosus","8","0.023","0.004","5.851","0","8220.599","0.205","0.014","14.433","0",NA
"590","dunne","Erigeron.speciosus","10","0.118","0.047","2.493","0.013","8248.137","0.205","0.014","14.433","0",NA
"591","dunne","Eriogonum.subalpinum","2","0.046","0.002","27.796","0","4451.457","0.205","0.014","14.433","0",NA
"592","dunne","Eriogonum.subalpinum","4","0.054","0.002","28.415","0","4436.643","0.205","0.014","14.433","0",NA
"593","dunne","Eriogonum.subalpinum","6","0.07","0.002","30.621","0","4384.264","0.205","0.014","14.433","0",NA
"594","dunne","Eriogonum.subalpinum","8","0.09","0.005","16.552","0","4719.738","0.205","0.014","14.433","0",NA
"595","dunne","Eriogonum.subalpinum","10","0.483","0.109","4.432","0","4925.711","0.205","0.014","14.433","0",NA
"596","dunne","Festuca.thurberi","2","0.044","0.002","26.828","0","4768.564","0.205","0.014","14.433","0",NA
"597","dunne","Festuca.thurberi","4","0.053","0.002","27.406","0","4754.313","0.205","0.014","14.433","0",NA
"598","dunne","Festuca.thurberi","6","0.07","0.002","28.593","0","4725.137","0.205","0.014","14.433","0",NA
"599","dunne","Festuca.thurberi","8","0.08","0.006","12.606","0","5103.802","0.205","0.014","14.433","0",NA
"600","dunne","Festuca.thurberi","10","-0.031","0.053","-0.572","0.568","5245.164","0.205","0.014","14.433","0",NA
"601","dunne","Claytonia.lanceolata","2","0.099","0.007","14.429","0","1576.577","0.205","0.014","14.433","0",NA
"602","dunne","Claytonia.lanceolata","4","0.143","0.009","16.157","0","1550.502","0.205","0.014","14.433","0",NA
"603","dunne","Claytonia.lanceolata","6","0.3","0.025","11.867","0","1614.882","0.205","0.014","14.433","0",NA
"604","dunne","Claytonia.lanceolata","8","1.771","0.484","3.656","0","1712.018","0.205","0.014","14.433","0",NA
"605","dunne","Claytonia.lanceolata","10",NA,NA,NA,NA,"1723.116","0.205","0.014","14.433","0",NA
"606","dunne","Lathyrus.lanszwertii","2","0.059","0.01","5.948","0","309.545","0.205","0.014","14.433","0",NA
"607","dunne","Lathyrus.lanszwertii","4","0.079","0.012","6.468","0","305.984","0.205","0.014","14.433","0",NA
"608","dunne","Lathyrus.lanszwertii","6","0.138","0.011","12.05","0","270.125","0.205","0.014","14.433","0",NA
"609","dunne","Lathyrus.lanszwertii","8","0.186","0.069","2.697","0.01","329.53","0.205","0.014","14.433","0",NA
"610","dunne","Lathyrus.lanszwertii","10",NA,NA,NA,NA,"334.561","0.205","0.014","14.433","0",NA
"611","dunne","Eriogonum.umbellatum","2","0.055","0.003","21.565","0","1433.942","0.205","0.014","14.433","0",NA
"612","dunne","Eriogonum.umbellatum","4","0.066","0.003","22.717","0","1419.547","0.205","0.014","14.433","0",NA
"613","dunne","Eriogonum.umbellatum","6","0.094","0.003","29.11","0","1345.67","0.205","0.014","14.433","0",NA
"614","dunne","Eriogonum.umbellatum","8","0.105","0.012","8.824","0","1605.635","0.205","0.014","14.433","0",NA
"615","dunne","Eriogonum.umbellatum","10","0.326","0.248","1.318","0.189","1669.833","0.205","0.014","14.433","0",NA
"616","dunne","Achillea.sp","2","0.082","0.005","15.168","0","385.76","0.205","0.014","14.433","0",NA
"617","dunne","Achillea.sp","4","0.099","0.006","15.397","0","384.415","0.205","0.014","14.433","0",NA
"618","dunne","Achillea.sp","6","0.134","0.008","17.206","0","374.234","0.205","0.014","14.433","0",NA
"619","dunne","Achillea.sp","8","0.155","0.072","2.149","0.036","473.309","0.205","0.014","14.433","0",NA
"620","dunne","Achillea.sp","10",NA,NA,NA,NA,"475.905","0.205","0.014","14.433","0",NA
